"Sample_type";"Num_collection";"Species";"Collecting_site";"Date";"Small_benthic_flatfish";"Large_benthic_flatfish";"Benthic_non_flatfish";"Demersal_fish";"Pelagic_fish";"Pelagic_squids";"Season";"Year";"Year_grp";"Year_Season";"allyear_Season";"Cluster_output";"Cluster";"Sum_biomass";"Clust_FFstat"
"Seal_scat";"Hg-17-045";"Hg";"Baie de Somme";2017-01-23;0;0;0;0;112.1437401;0;"Autumn_Winter";2017;"(2014,2017]";"(2014,2017] Autumn_Winter";"2017 Autumn_Winter";1;5;112.1437401;2
"Seal_scat";"Hg-17-047";"Hg";"Baie de Somme";2017-01-23;0;0;0;0;453.5848725;0;"Autumn_Winter";2017;"(2014,2017]";"(2014,2017] Autumn_Winter";"2017 Autumn_Winter";1;5;453.5848725;2
"Seal_scat";"Hg-17-048";"Hg";"Baie de Somme";2017-01-23;0;243.2080386;0;855.30245;13.57885076;5469.75779;"Autumn_Winter";2017;"(2014,2017]";"(2014,2017] Autumn_Winter";"2017 Autumn_Winter";2;4;6581.84712936;2
"Seal_scat";"Hg-17-049";"Hg";"Baie de Somme";2017-01-23;0;0;0;261.1073621;0;195.9580824;"Autumn_Winter";2017;"(2014,2017]";"(2014,2017] Autumn_Winter";"2017 Autumn_Winter";2;4;457.0654445;2
"Seal_scat";"Hg-17-050";"Hg";"Baie de Somme";2017-01-23;0;0;0;173.5405719;1399.773114;0;"Autumn_Winter";2017;"(2014,2017]";"(2014,2017] Autumn_Winter";"2017 Autumn_Winter";1;5;1573.3136859;2
"Seal_scat";"Hg-17-051";"Hg";"Baie de Somme";2017-01-23;0;0;0;0;87.12279175;0;"Autumn_Winter";2017;"(2014,2017]";"(2014,2017] Autumn_Winter";"2017 Autumn_Winter";1;5;87.12279175;2
"Seal_scat";"Hg-17-052";"Hg";"Baie de Somme";2017-01-23;0;0;0;3.968314179;0;0;"Autumn_Winter";2017;"(2014,2017]";"(2014,2017] Autumn_Winter";"2017 Autumn_Winter";3;3;3.968314179;2
"Seal_scat";"Hg-17-053";"Hg";"Baie de Somme";2017-01-23;38.81425221;288.0285162;0;0;59.68589198;0;"Autumn_Winter";2017;"(2014,2017]";"(2014,2017] Autumn_Winter";"2017 Autumn_Winter";4;1;386.52866039;1
"Seal_scat";"Hg-17-054";"Hg";"Baie de Somme";2017-01-23;0;0;0;81.23530646;1914.415203;0;"Autumn_Winter";2017;"(2014,2017]";"(2014,2017] Autumn_Winter";"2017 Autumn_Winter";1;5;1995.65050946;2
"Seal_scat";"Hg-17-055";"Hg";"Baie de Somme";2017-01-23;0;0;0;0;915.3684927;1098.345625;"Autumn_Winter";2017;"(2014,2017]";"(2014,2017] Autumn_Winter";"2017 Autumn_Winter";2;4;2013.7141177;2
"Seal_scat";"Hg-17-056";"Hg";"Baie de Somme";2017-01-23;0;0;0;0;940.4946362;0;"Autumn_Winter";2017;"(2014,2017]";"(2014,2017] Autumn_Winter";"2017 Autumn_Winter";1;5;940.4946362;2
"Seal_scat";"Hg-17-037";"Hg";"Baie de Somme";2017-02-19;0;0;0;0;160.8728697;0;"Autumn_Winter";2017;"(2014,2017]";"(2014,2017] Autumn_Winter";"2017 Autumn_Winter";1;5;160.8728697;2
"Seal_scat";"Hg-17-038";"Hg";"Baie de Somme";2017-02-19;161.8868744;4116.505282;0;1701.268423;8.941739014;0;"Autumn_Winter";2017;"(2014,2017]";"(2014,2017] Autumn_Winter";"2017 Autumn_Winter";4;1;5988.602318414;1
"Seal_scat";"Hg-17-039";"Hg";"Baie de Somme";2017-02-19;0;485.8653589;0;1179.155109;0;744.3565646;"Autumn_Winter";2017;"(2014,2017]";"(2014,2017] Autumn_Winter";"2017 Autumn_Winter";2;4;2409.3770325;2
"Seal_scat";"Hg-17-057";"Hg";"Baie de Somme";2017-02-22;0;0;0;38.78835587;0;335.4257777;"Autumn_Winter";2017;"(2014,2017]";"(2014,2017] Autumn_Winter";"2017 Autumn_Winter";2;4;374.21413357;2
"Seal_scat";"Hg-17-058";"Hg";"Baie de Somme";2017-02-22;100.2317554;1251.496587;0;380.4141596;0;0;"Autumn_Winter";2017;"(2014,2017]";"(2014,2017] Autumn_Winter";"2017 Autumn_Winter";4;1;1732.142502;1
"Seal_scat";"Hg-17-060";"Hg";"Baie de Somme";2017-02-22;0;0;0;0;15.8561181;0;"Autumn_Winter";2017;"(2014,2017]";"(2014,2017] Autumn_Winter";"2017 Autumn_Winter";1;5;15.8561181;2
"Seal_scat";"Hg-17-061";"Hg";"Baie de Somme";2017-02-22;2.535;879.1664818;0;595.5369475;0;0;"Autumn_Winter";2017;"(2014,2017]";"(2014,2017] Autumn_Winter";"2017 Autumn_Winter";4;1;1477.2384293;1
"Seal_scat";"Hg-17-063";"Hg";"Baie de Somme";2017-02-22;245.3378753;2283.380295;0;1146.911422;0;0;"Autumn_Winter";2017;"(2014,2017]";"(2014,2017] Autumn_Winter";"2017 Autumn_Winter";4;1;3675.6295923;1
"Seal_scat";"Hg-17-066";"Hg";"Baie de Somme";2017-02-22;128.0452992;0;0;40.7264986;0;0;"Autumn_Winter";2017;"(2014,2017]";"(2014,2017] Autumn_Winter";"2017 Autumn_Winter";5;2;168.7717978;1
"Seal_scat";"Hg-17-068";"Hg";"Baie de Somme";2017-02-22;70.61394447;161.0158476;0;0;0;0;"Autumn_Winter";2017;"(2014,2017]";"(2014,2017] Autumn_Winter";"2017 Autumn_Winter";4;1;231.62979207;1
"Seal_scat";"Hg-17-069";"Hg";"Baie de Somme";2017-02-22;0;0;0.487751927;0;33.04862549;0;"Autumn_Winter";2017;"(2014,2017]";"(2014,2017] Autumn_Winter";"2017 Autumn_Winter";1;5;33.536377417;2
"Seal_scat";"Hg-17-073";"Hg";"Baie de Somme";2017-02-22;0;123.4226784;0;0;0;0;"Autumn_Winter";2017;"(2014,2017]";"(2014,2017] Autumn_Winter";"2017 Autumn_Winter";4;1;123.4226784;1
"Seal_scat";"Hg-17-074";"Hg";"Baie de Somme";2017-02-22;0;0;0;0;19.44471182;0;"Autumn_Winter";2017;"(2014,2017]";"(2014,2017] Autumn_Winter";"2017 Autumn_Winter";1;5;19.44471182;2
"Seal_scat";"Hg-17-077";"Hg";"Baie de Somme";2017-02-22;0;0;0;0;21.74156447;0;"Autumn_Winter";2017;"(2014,2017]";"(2014,2017] Autumn_Winter";"2017 Autumn_Winter";1;5;21.74156447;2
"Seal_scat";"Hg-17-078";"Hg";"Baie de Somme";2017-02-22;0;0;0;57.92864777;0;0;"Autumn_Winter";2017;"(2014,2017]";"(2014,2017] Autumn_Winter";"2017 Autumn_Winter";3;3;57.92864777;2
"Seal_scat";"Hg-17-040";"Hg";"Baie de Somme";2017-03-03;33.7193092;648.5150292;0;0;0;0;"Autumn_Winter";2017;"(2014,2017]";"(2014,2017] Autumn_Winter";"2017 Autumn_Winter";4;1;682.2343384;1
"Seal_scat";"Hg-17-041";"Hg";"Baie de Somme";2017-03-03;41.38991705;118.006685;0;0;0;0;"Autumn_Winter";2017;"(2014,2017]";"(2014,2017] Autumn_Winter";"2017 Autumn_Winter";4;1;159.39660205;1
"Seal_scat";"Hg-17-042";"Hg";"Baie de Somme";2017-03-03;804.0071409;2492.428001;0;1349.203218;41.60400113;0;"Autumn_Winter";2017;"(2014,2017]";"(2014,2017] Autumn_Winter";"2017 Autumn_Winter";4;1;4687.24236103;1
"Seal_scat";"Hg-17-043";"Hg";"Baie de Somme";2017-03-03;366.7703337;1579.937868;0;79.89134267;0;0;"Autumn_Winter";2017;"(2014,2017]";"(2014,2017] Autumn_Winter";"2017 Autumn_Winter";4;1;2026.59954437;1
"Seal_scat";"Hg-17-044";"Hg";"Baie de Somme";2017-03-03;0;0;0;0;5.780064273;0;"Autumn_Winter";2017;"(2014,2017]";"(2014,2017] Autumn_Winter";"2017 Autumn_Winter";1;5;5.780064273;2
"Seal_scat";"Hg-17-079";"Hg";"Baie de Somme";2017-05-08;0;0;0;81.19825449;56.19183251;0;"Spring_Summer";2017;"(2014,2017]";"(2014,2017] Spring_Summer";"2017 Spring_Summer";3;3;137.390087;2
"Seal_scat";"Hg-17-080";"Hg";"Baie de Somme";2017-05-08;0;0;0;0;94.38728306;0;"Spring_Summer";2017;"(2014,2017]";"(2014,2017] Spring_Summer";"2017 Spring_Summer";1;5;94.38728306;2
"Seal_scat";"Hg-17-081";"Hg";"Baie de Somme";2017-05-08;0;265.7991536;0;0;0;0;"Spring_Summer";2017;"(2014,2017]";"(2014,2017] Spring_Summer";"2017 Spring_Summer";4;1;265.7991536;1
"Seal_scat";"Hg-17-082";"Hg";"Baie de Somme";2017-05-08;0;543.2241924;0;0;0;335.4257777;"Spring_Summer";2017;"(2014,2017]";"(2014,2017] Spring_Summer";"2017 Spring_Summer";2;4;878.6499701;2
"Seal_scat";"Hg-17-083";"Hg";"Baie de Somme";2017-05-08;13.35204151;0;0;2.467731386;30.92339369;0;"Spring_Summer";2017;"(2014,2017]";"(2014,2017] Spring_Summer";"2017 Spring_Summer";5;2;46.743166586;1
"Seal_scat";"Hg-17-084";"Hg";"Baie de Somme";2017-05-08;661.3938889;3693.157661;0;0;0;0;"Spring_Summer";2017;"(2014,2017]";"(2014,2017] Spring_Summer";"2017 Spring_Summer";4;1;4354.5515499;1
"Seal_scat";"Hg-17-085";"Hg";"Baie de Somme";2017-05-08;0;0;0;22.89257079;0;0;"Spring_Summer";2017;"(2014,2017]";"(2014,2017] Spring_Summer";"2017 Spring_Summer";3;3;22.89257079;2
"Seal_scat";"Hg-17-086";"Hg";"Baie de Somme";2017-05-20;0;0;0;61.46114666;0;0;"Spring_Summer";2017;"(2014,2017]";"(2014,2017] Spring_Summer";"2017 Spring_Summer";3;3;61.46114666;2
"Seal_scat";"Hg-17-087";"Hg";"Baie de Somme";2017-05-20;127.3662974;510.6592438;0;5.906048037;312.1645456;0;"Spring_Summer";2017;"(2014,2017]";"(2014,2017] Spring_Summer";"2017 Spring_Summer";5;2;956.096134837;1
"Seal_scat";"Hg-17-088";"Hg";"Baie de Somme";2017-05-20;53.19099129;3874.1975;0;134.5976604;0;0;"Spring_Summer";2017;"(2014,2017]";"(2014,2017] Spring_Summer";"2017 Spring_Summer";4;1;4061.98615169;1
"Seal_scat";"Hg-17-089";"Hg";"Baie de Somme";2017-05-20;137.6650373;100.7862217;0;7.933805087;0;0;"Spring_Summer";2017;"(2014,2017]";"(2014,2017] Spring_Summer";"2017 Spring_Summer";5;2;246.385064087;1
"Seal_scat";"Hg-17-092";"Hg";"Baie de Somme";2017-05-20;0;0;0;192.1992895;0;0;"Spring_Summer";2017;"(2014,2017]";"(2014,2017] Spring_Summer";"2017 Spring_Summer";3;3;192.1992895;2
"Seal_scat";"Hg-17-094";"Hg";"Baie de Somme";2017-05-22;0;285.8965076;0;0;0;0;"Spring_Summer";2017;"(2014,2017]";"(2014,2017] Spring_Summer";"2017 Spring_Summer";4;1;285.8965076;1
"Seal_scat";"Hg-17-095";"Hg";"Baie de Somme";2017-05-22;0;106.4404291;0;0;0;0;"Spring_Summer";2017;"(2014,2017]";"(2014,2017] Spring_Summer";"2017 Spring_Summer";4;1;106.4404291;1
"Seal_scat";"Hg-17-096";"Hg";"Baie de Somme";2017-05-22;10.4100753;0;0;0;97.860979;0;"Spring_Summer";2017;"(2014,2017]";"(2014,2017] Spring_Summer";"2017 Spring_Summer";1;5;108.2710543;2
"Seal_scat";"Hg-17-097";"Hg";"Baie de Somme";2017-05-22;29.03984662;0;0;0;0;0;"Spring_Summer";2017;"(2014,2017]";"(2014,2017] Spring_Summer";"2017 Spring_Summer";5;2;29.03984662;1
"Seal_scat";"Hg-17-103";"Hg";"Baie de Somme";2017-05-22;114.2940672;91.18647923;0;26.60644462;0;0;"Spring_Summer";2017;"(2014,2017]";"(2014,2017] Spring_Summer";"2017 Spring_Summer";5;2;232.08699105;1
"Seal_scat";"Hg-17-106";"Hg";"Baie de Somme";2017-05-22;3.905374233;0;0;0;0;0;"Spring_Summer";2017;"(2014,2017]";"(2014,2017] Spring_Summer";"2017 Spring_Summer";5;2;3.905374233;1
"Seal_scat";"Hg-17-108";"Hg";"Baie de Somme";2017-05-22;48.07681418;0;0;22.17443167;0;0;"Spring_Summer";2017;"(2014,2017]";"(2014,2017] Spring_Summer";"2017 Spring_Summer";5;2;70.25124585;1
"Seal_scat";"Hg-17-109";"Hg";"Baie de Somme";2017-05-22;0;129.0127588;0;0;139.1963579;0;"Spring_Summer";2017;"(2014,2017]";"(2014,2017] Spring_Summer";"2017 Spring_Summer";5;2;268.2091167;1
"Seal_scat";"Hg-17-114";"Hg";"Baie de Somme";2017-05-22;107.8554454;0;0;0;0;0;"Spring_Summer";2017;"(2014,2017]";"(2014,2017] Spring_Summer";"2017 Spring_Summer";5;2;107.8554454;1
"Seal_scat";"Hg-17-115";"Hg";"Baie de Somme";2017-05-22;317.4076963;0;0;0;0;0;"Spring_Summer";2017;"(2014,2017]";"(2014,2017] Spring_Summer";"2017 Spring_Summer";5;2;317.4076963;1
"Seal_scat";"Hg-18-104";"Hg";"Baie de Somme";2018-07-07;0;0;0;0;46.97769692;0;"Spring_Summer";2018;"(2017,2019]";"(2017,2019] Spring_Summer";"2018 Spring_Summer";1;5;46.97769692;2
"Seal_scat";"Hg-19-003";"Hg";"Baie de Somme";2019-02-27;65.43161509;0;0;150.7318301;11.57870725;0;"Autumn_Winter";2019;"(2017,2019]";"(2017,2019] Autumn_Winter";"2019 Autumn_Winter";3;3;227.74215244;2
"Seal_scat";"Hg-19-004";"Hg";"Baie de Somme";2019-02-27;0;0;0;96.9786503;56.42770251;0;"Autumn_Winter";2019;"(2017,2019]";"(2017,2019] Autumn_Winter";"2019 Autumn_Winter";3;3;153.40635281;2
"Seal_scat";"Hg-19-005";"Hg";"Baie de Somme";2019-02-27;913.9540607;449.5099402;0;0;0;0;"Autumn_Winter";2019;"(2017,2019]";"(2017,2019] Autumn_Winter";"2019 Autumn_Winter";5;2;1363.4640009;1
"Seal_scat";"Hg-19-008";"Hg";"Baie de Somme";2019-02-27;0;0;0;0;560.4821818;0;"Autumn_Winter";2019;"(2017,2019]";"(2017,2019] Autumn_Winter";"2019 Autumn_Winter";1;5;560.4821818;2
"Seal_scat";"Hg-19-010";"Hg";"Baie de Somme";2019-02-27;0;0;0;0;6.794111072;0;"Autumn_Winter";2019;"(2017,2019]";"(2017,2019] Autumn_Winter";"2019 Autumn_Winter";1;5;6.794111072;2
"Seal_scat";"Hg-19-011";"Hg";"Baie de Somme";2019-02-27;676.8880994;487.3332767;0;0;8.681319398;0;"Autumn_Winter";2019;"(2017,2019]";"(2017,2019] Autumn_Winter";"2019 Autumn_Winter";5;2;1172.902695498;1
"Seal_scat";"Hg-19-015";"Hg";"Baie de Somme";2019-02-27;10.00993995;0;0;0;0;0;"Autumn_Winter";2019;"(2017,2019]";"(2017,2019] Autumn_Winter";"2019 Autumn_Winter";5;2;10.00993995;1
"Seal_scat";"Hg-19-017";"Hg";"Baie de Somme";2019-02-27;32.13396553;0;0;0;0;0;"Autumn_Winter";2019;"(2017,2019]";"(2017,2019] Autumn_Winter";"2019 Autumn_Winter";5;2;32.13396553;1
"Seal_scat";"Hg-19-027";"Hg";"Baie de Somme";2019-02-27;0;0;0;0;77.76663296;0;"Autumn_Winter";2019;"(2017,2019]";"(2017,2019] Autumn_Winter";"2019 Autumn_Winter";1;5;77.76663296;2
"Seal_scat";"Hg-19-028";"Hg";"Baie de Somme";2019-02-27;0;0;0;0;4.553503696;0;"Autumn_Winter";2019;"(2017,2019]";"(2017,2019] Autumn_Winter";"2019 Autumn_Winter";1;5;4.553503696;2
"Seal_scat";"Hg-19-039";"Hg";"Baie de Somme";2019-02-27;0;0;0;0;5.973291556;0;"Autumn_Winter";2019;"(2017,2019]";"(2017,2019] Autumn_Winter";"2019 Autumn_Winter";1;5;5.973291556;2
"Seal_scat";"Hg-19-047";"Hg";"Baie de Somme";2019-02-27;21.48723549;340.5376449;0;0;0;0;"Autumn_Winter";2019;"(2017,2019]";"(2017,2019] Autumn_Winter";"2019 Autumn_Winter";4;1;362.02488039;1
"Seal_scat";"Hg-19-053";"Hg";"Baie de Somme";2019-02-28;44.64456862;0;0;0;0;0;"Autumn_Winter";2019;"(2017,2019]";"(2017,2019] Autumn_Winter";"2019 Autumn_Winter";5;2;44.64456862;1
"Seal_scat";"Hg-19-060";"Hg";"Baie de Somme";2019-02-28;0;0;0;149.4463442;0;0;"Autumn_Winter";2019;"(2017,2019]";"(2017,2019] Autumn_Winter";"2019 Autumn_Winter";3;3;149.4463442;2
"Seal_scat";"Hg-19-069";"Hg";"Baie de Somme";2019-02-28;0;273.0152631;0;256.0155812;0;0;"Autumn_Winter";2019;"(2017,2019]";"(2017,2019] Autumn_Winter";"2019 Autumn_Winter";4;1;529.0308443;1
"Seal_scat";"Hg-19-089";"Hg";"Baie de Somme";2019-02-28;0;0;0;22.02858481;0;313.8339345;"Autumn_Winter";2019;"(2017,2019]";"(2017,2019] Autumn_Winter";"2019 Autumn_Winter";2;4;335.86251931;2
"Seal_scat";"Hg-19-096";"Hg";"Baie de Somme";2019-02-28;1.899260903;503.2103006;0;1069.16909;0;1010.045652;"Autumn_Winter";2019;"(2017,2019]";"(2017,2019] Autumn_Winter";"2019 Autumn_Winter";2;4;2584.324303503;2
"Seal_scat";"Hg-19-099";"Hg";"Baie de Somme";2019-02-28;8.860781821;0;0;0;0;0;"Autumn_Winter";2019;"(2017,2019]";"(2017,2019] Autumn_Winter";"2019 Autumn_Winter";5;2;8.860781821;1
"Seal_scat";"Hg-19-101";"Hg";"Baie de Somme";2019-02-28;0;0;0;0;22.77226821;0;"Autumn_Winter";2019;"(2017,2019]";"(2017,2019] Autumn_Winter";"2019 Autumn_Winter";1;5;22.77226821;2
"Seal_scat";"Hg-19-125";"Hg";"Baie de Somme";2019-02-28;320.5182549;971.3615423;0;163.782546;0;402.2947849;"Autumn_Winter";2019;"(2017,2019]";"(2017,2019] Autumn_Winter";"2019 Autumn_Winter";2;4;1857.9571281;2
"Seal_scat";"Hg-19-137";"Hg";"Baie de Somme";2019-02-28;0;0;0;120.6461131;0;0;"Autumn_Winter";2019;"(2017,2019]";"(2017,2019] Autumn_Winter";"2019 Autumn_Winter";3;3;120.6461131;2
"Seal_scat";"Hg-19-138";"Hg";"Baie de Somme";2019-02-28;0;0;0;49.16646978;0;0;"Autumn_Winter";2019;"(2017,2019]";"(2017,2019] Autumn_Winter";"2019 Autumn_Winter";3;3;49.16646978;2
"Seal_scat";"Hg-19-139";"Hg";"Baie de Somme";2019-02-28;0;108.2024733;0;0;0;0;"Autumn_Winter";2019;"(2017,2019]";"(2017,2019] Autumn_Winter";"2019 Autumn_Winter";4;1;108.2024733;1
"Seal_scat";"PV-02-01";"Pv";"Baie de Somme";2002-10-02;181.6983255;0;0;0;0;0;"Autumn_Winter";2002;"[2002,2005]";"[2002,2005] Autumn_Winter";"2002 Autumn_Winter";5;2;181.6983255;1
"Seal_scat";"PV-03-01";"Pv";"Baie de Somme";2003-08-27;177.095416;0;0;0;0;0;"Spring_Summer";2003;"[2002,2005]";"[2002,2005] Spring_Summer";"2003 Spring_Summer";5;2;177.095416;1
"Seal_scat";"PV-03-02";"Pv";"Baie de Somme";2003-08-27;14.52212661;932.6677497;0;0;0;0;"Spring_Summer";2003;"[2002,2005]";"[2002,2005] Spring_Summer";"2003 Spring_Summer";4;1;947.18987631;1
"Seal_scat";"PV-03-04";"Pv";"Baie de Somme";2003-08-27;473.2398627;734.7469432;68.67246295;0;0;0;"Spring_Summer";2003;"[2002,2005]";"[2002,2005] Spring_Summer";"2003 Spring_Summer";4;1;1276.65926885;1
"Seal_scat";"PV-07-02";"Pv";"Baie de Somme";2007-07-03;212.9710032;0;26.27569397;0;0;0;"Spring_Summer";2007;"(2005,2008]";"(2005,2008] Spring_Summer";"2007 Spring_Summer";5;2;239.24669717;1
"Seal_scat";"PV-07-03";"Pv";"Baie de Somme";2007-07-15;1518.315583;72.71713397;9.043719402;0;0;0;"Spring_Summer";2007;"(2005,2008]";"(2005,2008] Spring_Summer";"2007 Spring_Summer";5;2;1600.076436372;1
"Seal_scat";"HG-07-02";"Pv";"Baie de Somme";2007-07-19;28.55012934;0;0;0;0;0;"Spring_Summer";2007;"(2005,2008]";"(2005,2008] Spring_Summer";"2007 Spring_Summer";5;2;28.55012934;1
"Seal_scat";"PV-07-01";"Pv";"Baie de Somme";2007-08-26;27.99346209;0;641.0485784;0;0;0;"Spring_Summer";2007;"(2005,2008]";"(2005,2008] Spring_Summer";"2007 Spring_Summer";6;6;669.04204049;2
"Seal_scat";"PV-14-012";"Pv";"Baie de Somme";2008-04-30;40.68767354;0;0;34.43421515;0;0;"Spring_Summer";2008;"(2005,2008]";"(2005,2008] Spring_Summer";"2008 Spring_Summer";5;2;75.12188869;1
"Seal_scat";"PV-14-001";"Pv";"Baie de Somme";2008-05-27;985.3067648;0;116.0796544;39.35644131;0;0;"Spring_Summer";2008;"(2005,2008]";"(2005,2008] Spring_Summer";"2008 Spring_Summer";5;2;1140.74286051;1
"Seal_scat";"PV-14-003";"Pv";"Baie de Somme";2008-05-27;40.76447484;83.650558;0;0;0;0;"Spring_Summer";2008;"(2005,2008]";"(2005,2008] Spring_Summer";"2008 Spring_Summer";4;1;124.41503284;1
"Seal_scat";"PV-14-004";"Pv";"Baie de Somme";2008-05-27;0;82.61135798;0;193.9020068;0;0;"Spring_Summer";2008;"(2005,2008]";"(2005,2008] Spring_Summer";"2008 Spring_Summer";3;3;276.51336478;2
"Seal_scat";"PV-14-005";"Pv";"Baie de Somme";2008-05-27;43.26675173;472.6560779;0;0;0;0;"Spring_Summer";2008;"(2005,2008]";"(2005,2008] Spring_Summer";"2008 Spring_Summer";4;1;515.92282963;1
"Seal_scat";"PV-14-006";"Pv";"Baie de Somme";2008-05-27;437.1974868;1355.285648;4.69405377;825.1045492;0;0;"Spring_Summer";2008;"(2005,2008]";"(2005,2008] Spring_Summer";"2008 Spring_Summer";4;1;2622.28173777;1
"Seal_scat";"PV-14-007";"Pv";"Baie de Somme";2008-05-27;53.72830461;258.0301739;0;0;0;0;"Spring_Summer";2008;"(2005,2008]";"(2005,2008] Spring_Summer";"2008 Spring_Summer";4;1;311.75847851;1
"Seal_scat";"PV-14-008";"Pv";"Baie de Somme";2008-05-27;110.2391985;0;12.29673542;0;75.26177155;0;"Spring_Summer";2008;"(2005,2008]";"(2005,2008] Spring_Summer";"2008 Spring_Summer";5;2;197.79770547;1
"Seal_scat";"PV-14-042";"Pv";"Baie de Somme";2008-05-29;359.9881192;1331.517431;0;0;0;0;"Spring_Summer";2008;"(2005,2008]";"(2005,2008] Spring_Summer";"2008 Spring_Summer";4;1;1691.5055502;1
"Seal_scat";"PV-14-009";"Pv";"Baie de Somme";2008-07-12;0;529.8403855;0;26.21638486;0;0;"Spring_Summer";2008;"(2005,2008]";"(2005,2008] Spring_Summer";"2008 Spring_Summer";4;1;556.05677036;1
"Seal_scat";"PV-14-010";"Pv";"Baie de Somme";2008-07-12;0;182.0582873;0;0;0;0;"Spring_Summer";2008;"(2005,2008]";"(2005,2008] Spring_Summer";"2008 Spring_Summer";4;1;182.0582873;1
"Seal_scat";"PV-08-02";"Pv";"Baie de Somme";2008-07-14;774.016643;271.822121;0;1.162435453;0;0;"Spring_Summer";2008;"(2005,2008]";"(2005,2008] Spring_Summer";"2008 Spring_Summer";5;2;1047.001199453;1
"Seal_scat";"PV-08-03";"Pv";"Baie de Somme";2008-07-14;2725.905643;2157.567766;0;0;180.2220105;0;"Spring_Summer";2008;"(2005,2008]";"(2005,2008] Spring_Summer";"2008 Spring_Summer";5;2;5063.6954195;1
"Seal_scat";"PV-08-04";"Pv";"Baie de Somme";2008-07-14;38.30731178;0;16.33051681;0;0;0;"Spring_Summer";2008;"(2005,2008]";"(2005,2008] Spring_Summer";"2008 Spring_Summer";5;2;54.63782859;1
"Seal_scat";"PV-08-05";"Pv";"Baie de Somme";2008-07-14;0;308.0693857;635.4315314;0;0;0;"Spring_Summer";2008;"(2005,2008]";"(2005,2008] Spring_Summer";"2008 Spring_Summer";6;6;943.5009171;2
"Seal_scat";"PV-08-06";"Pv";"Baie de Somme";2008-07-14;188.3584239;885.6515298;0;0;0;0;"Spring_Summer";2008;"(2005,2008]";"(2005,2008] Spring_Summer";"2008 Spring_Summer";4;1;1074.0099537;1
"Seal_scat";"PV-08-07";"Pv";"Baie de Somme";2008-07-14;0;0;911.311425;0;0;0;"Spring_Summer";2008;"(2005,2008]";"(2005,2008] Spring_Summer";"2008 Spring_Summer";6;6;911.311425;2
"Seal_scat";"PV-08-09";"Pv";"Baie de Somme";2008-07-14;343.1204481;458.8284519;3512.357255;0;58.76586743;0;"Spring_Summer";2008;"(2005,2008]";"(2005,2008] Spring_Summer";"2008 Spring_Summer";6;6;4373.07202243;2
"Seal_scat";"PV-08-17";"Pv";"Baie de Somme";2008-07-14;165.2156236;0;0;492.9247626;0;0;"Spring_Summer";2008;"(2005,2008]";"(2005,2008] Spring_Summer";"2008 Spring_Summer";3;3;658.1403862;2
"Seal_scat";"PV-08-18";"Pv";"Baie de Somme";2008-07-14;538.7251871;73.51569944;0;0;0;0;"Spring_Summer";2008;"(2005,2008]";"(2005,2008] Spring_Summer";"2008 Spring_Summer";5;2;612.24088654;1
"Seal_scat";"PV-08-01";"Pv";"Baie de Somme";2008-07-21;1168.31837;347.8110354;0;0;0;0;"Spring_Summer";2008;"(2005,2008]";"(2005,2008] Spring_Summer";"2008 Spring_Summer";5;2;1516.1294054;1
"Seal_scat";"PV-08-08";"Pv";"Baie de Somme";2008-07-21;818.2112401;80.69381721;36.93565246;0;0;0;"Spring_Summer";2008;"(2005,2008]";"(2005,2008] Spring_Summer";"2008 Spring_Summer";5;2;935.84070977;1
"Seal_scat";"PV-08-15";"Pv";"Baie de Somme";2008-07-21;385.1621425;0;71.40664476;0;0;0;"Spring_Summer";2008;"(2005,2008]";"(2005,2008] Spring_Summer";"2008 Spring_Summer";5;2;456.56878726;1
"Seal_scat";"PV-08-16";"Pv";"Baie de Somme";2008-07-21;781.9745853;0;45.9600575;0;0;0;"Spring_Summer";2008;"(2005,2008]";"(2005,2008] Spring_Summer";"2008 Spring_Summer";5;2;827.9346428;1
"Seal_scat";"PV-14-039";"Pv";"Baie de Somme";2008-07-24;0;497.3464224;2195.333218;319.6594433;0;0;"Spring_Summer";2008;"(2005,2008]";"(2005,2008] Spring_Summer";"2008 Spring_Summer";6;6;3012.3390837;2
"Seal_scat";"PV-08-12";"Pv";"Baie de Somme";2008-07-28;0;0;203.1460885;0;0;0;"Spring_Summer";2008;"(2005,2008]";"(2005,2008] Spring_Summer";"2008 Spring_Summer";6;6;203.1460885;2
"Seal_scat";"PV-08-14";"Pv";"Baie de Somme";2008-07-28;3018.803105;436.0388785;317.545145;0;0;0;"Spring_Summer";2008;"(2005,2008]";"(2005,2008] Spring_Summer";"2008 Spring_Summer";5;2;3772.3871285;1
"Seal_scat";"PV-14-027";"Pv";"Baie de Somme";2008-07-28;2050.9871;1920.006367;1.703459501;0;0;0;"Spring_Summer";2008;"(2005,2008]";"(2005,2008] Spring_Summer";"2008 Spring_Summer";5;2;3972.696926501;1
"Seal_scat";"PV-14-029";"Pv";"Baie de Somme";2008-07-28;56.28056809;0;0;0;0;0;"Spring_Summer";2008;"(2005,2008]";"(2005,2008] Spring_Summer";"2008 Spring_Summer";5;2;56.28056809;1
"Seal_scat";"PV-14-038";"Pv";"Baie de Somme";2008-07-28;941.9212161;150.3931391;1.588002882;0;0;0;"Spring_Summer";2008;"(2005,2008]";"(2005,2008] Spring_Summer";"2008 Spring_Summer";5;2;1093.902358082;1
"Seal_scat";"PV-14-041";"Pv";"Baie de Somme";2008-07-28;1067.139278;1548.352631;0;0;0;0;"Spring_Summer";2008;"(2005,2008]";"(2005,2008] Spring_Summer";"2008 Spring_Summer";4;1;2615.491909;1
"Seal_scat";"PV-14-037";"Pv";"Baie de Somme";2008-07-29;172.1618859;0;0;0;0;0;"Spring_Summer";2008;"(2005,2008]";"(2005,2008] Spring_Summer";"2008 Spring_Summer";5;2;172.1618859;1
"Seal_scat";"PV-14-020";"Pv";"Baie de Somme";2008-08-07;565.7278703;595.0144062;0;0;2.427879696;0;"Spring_Summer";2008;"(2005,2008]";"(2005,2008] Spring_Summer";"2008 Spring_Summer";4;1;1163.170156196;1
"Seal_scat";"PV-14-021";"Pv";"Baie de Somme";2008-08-07;45.87132586;0;0;0;0;0;"Spring_Summer";2008;"(2005,2008]";"(2005,2008] Spring_Summer";"2008 Spring_Summer";5;2;45.87132586;1
"Seal_scat";"PV-14-022";"Pv";"Baie de Somme";2008-08-07;39.77507949;0;0;12.41976117;0;0;"Spring_Summer";2008;"(2005,2008]";"(2005,2008] Spring_Summer";"2008 Spring_Summer";5;2;52.19484066;1
"Seal_scat";"PV-14-031";"Pv";"Baie de Somme";2008-08-12;616.240963;1348.785084;0;0;0;0;"Spring_Summer";2008;"(2005,2008]";"(2005,2008] Spring_Summer";"2008 Spring_Summer";4;1;1965.026047;1
"Seal_scat";"PV-14-032";"Pv";"Baie de Somme";2008-08-12;0;0;0;830.4007821;0;0;"Spring_Summer";2008;"(2005,2008]";"(2005,2008] Spring_Summer";"2008 Spring_Summer";3;3;830.4007821;2
"Seal_scat";"PV-14-033";"Pv";"Baie de Somme";2008-08-12;200.099744;443.1034905;0;1181.350069;0;0;"Spring_Summer";2008;"(2005,2008]";"(2005,2008] Spring_Summer";"2008 Spring_Summer";3;3;1824.5533035;2
"Seal_scat";"PV-14-030";"Pv";"Baie de Somme";2008-08-21;0;116.679507;0;0;0;0;"Spring_Summer";2008;"(2005,2008]";"(2005,2008] Spring_Summer";"2008 Spring_Summer";4;1;116.679507;1
"Seal_scat";"PV-08-10";"Pv";"Baie de Somme";2008-08-29;37.36006042;0;0;0;0;0;"Spring_Summer";2008;"(2005,2008]";"(2005,2008] Spring_Summer";"2008 Spring_Summer";5;2;37.36006042;1
"Seal_scat";"PV-14-063";"Pv";"Baie de Somme";2009-05-15;272.6549023;1264.183569;0;0;0;0;"Spring_Summer";2009;"(2008,2011]";"(2008,2011] Spring_Summer";"2009 Spring_Summer";4;1;1536.8384713;1
"Seal_scat";"PV-14-050";"Pv";"Baie de Somme";2009-06-07;195.0203333;1047.261975;0;0;0;0;"Spring_Summer";2009;"(2008,2011]";"(2008,2011] Spring_Summer";"2009 Spring_Summer";4;1;1242.2823083;1
"Seal_scat";"PV-14-056";"Pv";"Baie de Somme";2009-06-07;138.0270344;134.7801895;1485.60104;0;0;0;"Spring_Summer";2009;"(2008,2011]";"(2008,2011] Spring_Summer";"2009 Spring_Summer";6;6;1758.4082639;2
"Seal_scat";"PV-14-058";"Pv";"Baie de Somme";2009-07-16;151.3155041;292.1827635;0;0;0;0;"Spring_Summer";2009;"(2008,2011]";"(2008,2011] Spring_Summer";"2009 Spring_Summer";4;1;443.4982676;1
"Seal_scat";"PV-14-059";"Pv";"Baie de Somme";2009-07-16;516.6171673;2113.114665;0;0;161.6605878;0;"Spring_Summer";2009;"(2008,2011]";"(2008,2011] Spring_Summer";"2009 Spring_Summer";4;1;2791.3924201;1
"Seal_scat";"PV-14-060";"Pv";"Baie de Somme";2009-07-16;143.7027673;1184.267357;0;0;0;0;"Spring_Summer";2009;"(2008,2011]";"(2008,2011] Spring_Summer";"2009 Spring_Summer";4;1;1327.9701243;1
"Seal_scat";"PV-14-051";"Pv";"Baie de Somme";2009-08-15;1185.236656;1034.927151;22.66978403;0;0;0;"Spring_Summer";2009;"(2008,2011]";"(2008,2011] Spring_Summer";"2009 Spring_Summer";5;2;2242.83359103;1
"Seal_scat";"PV-14-053";"Pv";"Baie de Somme";2009-08-15;155.5868948;578.0043115;0;0;0;0;"Spring_Summer";2009;"(2008,2011]";"(2008,2011] Spring_Summer";"2009 Spring_Summer";4;1;733.5912063;1
"Seal_scat";"PV-14-054";"Pv";"Baie de Somme";2009-08-15;0;0;0;0;4.714693524;0;"Spring_Summer";2009;"(2008,2011]";"(2008,2011] Spring_Summer";"2009 Spring_Summer";1;5;4.714693524;2
"Seal_scat";"PV-14-055";"Pv";"Baie de Somme";2009-08-15;0;0;190.9491241;0;0;0;"Spring_Summer";2009;"(2008,2011]";"(2008,2011] Spring_Summer";"2009 Spring_Summer";6;6;190.9491241;2
"Seal_scat";"PV-14-061";"Pv";"Baie de Somme";2009-08-15;1470.306118;638.9005462;97.64478959;0;0;0;"Spring_Summer";2009;"(2008,2011]";"(2008,2011] Spring_Summer";"2009 Spring_Summer";5;2;2206.85145379;1
"Seal_scat";"PV-14-062";"Pv";"Baie de Somme";2009-08-15;3745.305827;5535.257272;803.4839655;0;171.7831836;0;"Spring_Summer";2009;"(2008,2011]";"(2008,2011] Spring_Summer";"2009 Spring_Summer";4;1;10255.8302481;1
"Seal_scat";"PV-14-067";"Pv";"Baie de Somme";2009-08-17;590.6264409;339.5939144;116.5691956;0;0;0;"Spring_Summer";2009;"(2008,2011]";"(2008,2011] Spring_Summer";"2009 Spring_Summer";5;2;1046.7895509;1
"Seal_scat";"PV-14-068";"Pv";"Baie de Somme";2009-08-17;581.1549177;127.5987399;0;0;0;0;"Spring_Summer";2009;"(2008,2011]";"(2008,2011] Spring_Summer";"2009 Spring_Summer";5;2;708.7536576;1
"Seal_scat";"PV-14-070";"Pv";"Baie de Somme";2009-08-17;1015.951083;383.0893267;0;0;0;0;"Spring_Summer";2009;"(2008,2011]";"(2008,2011] Spring_Summer";"2009 Spring_Summer";5;2;1399.0404097;1
"Seal_scat";"PV-14-071";"Pv";"Baie de Somme";2009-08-17;468.3426437;3838.940367;0;0;0;0;"Spring_Summer";2009;"(2008,2011]";"(2008,2011] Spring_Summer";"2009 Spring_Summer";4;1;4307.2830107;1
"Seal_scat";"PV-14-072";"Pv";"Baie de Somme";2009-08-17;121.7127323;0;0;0;0;0;"Spring_Summer";2009;"(2008,2011]";"(2008,2011] Spring_Summer";"2009 Spring_Summer";5;2;121.7127323;1
"Seal_scat";"PV-14-073";"Pv";"Baie de Somme";2009-08-17;381.1300077;97.92297386;0.323229675;0;0;0;"Spring_Summer";2009;"(2008,2011]";"(2008,2011] Spring_Summer";"2009 Spring_Summer";5;2;479.376211235;1
"Seal_scat";"PV-14-074";"Pv";"Baie de Somme";2009-08-17;2973.514379;3461.013998;0;0;0;0;"Spring_Summer";2009;"(2008,2011]";"(2008,2011] Spring_Summer";"2009 Spring_Summer";4;1;6434.528377;1
"Seal_scat";"PV-14-075";"Pv";"Baie de Somme";2009-08-17;3331.198885;433.4000526;0.050608469;0;0;0;"Spring_Summer";2009;"(2008,2011]";"(2008,2011] Spring_Summer";"2009 Spring_Summer";5;2;3764.649546069;1
"Seal_scat";"PV-14-077";"Pv";"Baie de Somme";2009-08-17;1458.875082;541.4504822;0;0;0;0;"Spring_Summer";2009;"(2008,2011]";"(2008,2011] Spring_Summer";"2009 Spring_Summer";5;2;2000.3255642;1
"Seal_scat";"PV-14-078";"Pv";"Baie de Somme";2009-08-17;1158.019505;85.10226688;0.19654234;0;0;0;"Spring_Summer";2009;"(2008,2011]";"(2008,2011] Spring_Summer";"2009 Spring_Summer";5;2;1243.31831422;1
"Seal_scat";"PV-14-079";"Pv";"Baie de Somme";2009-08-17;322.3093879;2312.698326;0;0;0;0;"Spring_Summer";2009;"(2008,2011]";"(2008,2011] Spring_Summer";"2009 Spring_Summer";4;1;2635.0077139;1
"Seal_scat";"PV-14-081";"Pv";"Baie de Somme";2009-08-17;20.31699701;987.6715058;0;0;0;0;"Spring_Summer";2009;"(2008,2011]";"(2008,2011] Spring_Summer";"2009 Spring_Summer";4;1;1007.98850281;1
"Seal_scat";"PV-14-082";"Pv";"Baie de Somme";2009-08-17;398.0393921;74.6247257;0;0;0;0;"Spring_Summer";2009;"(2008,2011]";"(2008,2011] Spring_Summer";"2009 Spring_Summer";5;2;472.6641178;1
"Seal_scat";"PV-14-083";"Pv";"Baie de Somme";2009-08-17;88.32449195;0;0;0;0;0;"Spring_Summer";2009;"(2008,2011]";"(2008,2011] Spring_Summer";"2009 Spring_Summer";5;2;88.32449195;1
"Seal_scat";"PV-14-084";"Pv";"Baie de Somme";2009-08-17;97.27598804;0;0;0;0;0;"Spring_Summer";2009;"(2008,2011]";"(2008,2011] Spring_Summer";"2009 Spring_Summer";5;2;97.27598804;1
"Seal_scat";"PV-14-085";"Pv";"Baie de Somme";2009-08-17;26.22892365;130.437862;0;687.3718962;0;0;"Spring_Summer";2009;"(2008,2011]";"(2008,2011] Spring_Summer";"2009 Spring_Summer";3;3;844.03868185;2
"Seal_scat";"PV-14-086";"Pv";"Baie de Somme";2009-08-17;418.7595306;5179.530273;67.62664474;0;0;0;"Spring_Summer";2009;"(2008,2011]";"(2008,2011] Spring_Summer";"2009 Spring_Summer";4;1;5665.91644834;1
"Seal_scat";"PV-14-087";"Pv";"Baie de Somme";2009-08-17;101.153979;147.0603592;9.022863642;0;0;0;"Spring_Summer";2009;"(2008,2011]";"(2008,2011] Spring_Summer";"2009 Spring_Summer";4;1;257.237201842;1
"Seal_scat";"PV-14-091";"Pv";"Baie de Somme";2009-08-17;33.7193092;0;0;0;0;0;"Spring_Summer";2009;"(2008,2011]";"(2008,2011] Spring_Summer";"2009 Spring_Summer";5;2;33.7193092;1
"Seal_scat";"PV-14-092";"Pv";"Baie de Somme";2009-08-17;105.8574843;0;0;0;0;0;"Spring_Summer";2009;"(2008,2011]";"(2008,2011] Spring_Summer";"2009 Spring_Summer";5;2;105.8574843;1
"Seal_scat";"PV-14-093";"Pv";"Baie de Somme";2009-08-17;1458.029187;1376.538695;0;0;0;0;"Spring_Summer";2009;"(2008,2011]";"(2008,2011] Spring_Summer";"2009 Spring_Summer";5;2;2834.567882;1
"Seal_scat";"PV-14-095";"Pv";"Baie de Somme";2009-08-17;609.1760699;309.8499203;54.07710276;0;0;0;"Spring_Summer";2009;"(2008,2011]";"(2008,2011] Spring_Summer";"2009 Spring_Summer";5;2;973.10309296;1
"Seal_scat";"PV-14-096";"Pv";"Baie de Somme";2009-08-17;1564.737398;284.4838384;52.24934625;0;0;0;"Spring_Summer";2009;"(2008,2011]";"(2008,2011] Spring_Summer";"2009 Spring_Summer";5;2;1901.47058265;1
"Seal_scat";"PV-14-097";"Pv";"Baie de Somme";2009-08-17;66.3126267;111.4765616;0;1737.331542;0;0;"Spring_Summer";2009;"(2008,2011]";"(2008,2011] Spring_Summer";"2009 Spring_Summer";3;3;1915.1207303;2
"Seal_scat";"PV-14-098";"Pv";"Baie de Somme";2009-08-17;58.04663321;1210.280249;0;0;0;0;"Spring_Summer";2009;"(2008,2011]";"(2008,2011] Spring_Summer";"2009 Spring_Summer";4;1;1268.32688221;1
"Seal_scat";"PV-14-099";"Pv";"Baie de Somme";2009-08-17;36.64760001;435.8263939;0.266364247;0;0;0;"Spring_Summer";2009;"(2008,2011]";"(2008,2011] Spring_Summer";"2009 Spring_Summer";4;1;472.740358157;1
"Seal_scat";"PV-11-07";"Pv";"Baie de Somme";2010-08-02;17.76329759;0;0;0;0;0;"Spring_Summer";2010;"(2008,2011]";"(2008,2011] Spring_Summer";"2010 Spring_Summer";5;2;17.76329759;1
"Seal_scat";"PV-11-08";"Pv";"Baie de Somme";2010-08-02;0;0;129.2747836;0;0;0;"Spring_Summer";2010;"(2008,2011]";"(2008,2011] Spring_Summer";"2010 Spring_Summer";6;6;129.2747836;2
"Seal_scat";"HG-11-05";"Pv";"Baie de Somme";2010-08-18;0;0;0;0;131.3188753;0;"Spring_Summer";2010;"(2008,2011]";"(2008,2011] Spring_Summer";"2010 Spring_Summer";1;5;131.3188753;2
"Seal_scat";"HG-11-06";"Pv";"Baie de Somme";2010-08-18;25.33754731;0;0;0;52.28408775;0;"Spring_Summer";2010;"(2008,2011]";"(2008,2011] Spring_Summer";"2010 Spring_Summer";5;2;77.62163506;1
"Seal_scat";"HG-11-02";"Pv";"Baie de Somme";2010-08-18;181.6983255;0;0;0;0;0;"Spring_Summer";2010;"(2008,2011]";"(2008,2011] Spring_Summer";"2010 Spring_Summer";5;2;181.6983255;1
"Seal_scat";"PV-11-01";"Pv";"Baie de Somme";2010-08-19;60.5661085;0;0;0;0;0;"Spring_Summer";2010;"(2008,2011]";"(2008,2011] Spring_Summer";"2010 Spring_Summer";5;2;60.5661085;1
"Seal_scat";"PV-11-02";"Pv";"Baie de Somme";2010-08-19;59.85019369;0;0;0;0;0;"Spring_Summer";2010;"(2008,2011]";"(2008,2011] Spring_Summer";"2010 Spring_Summer";5;2;59.85019369;1
"Seal_scat";"PV-11-03";"Pv";"Baie de Somme";2010-08-19;1017.379355;163.8729898;0;0;0;0;"Spring_Summer";2010;"(2008,2011]";"(2008,2011] Spring_Summer";"2010 Spring_Summer";5;2;1181.2523448;1
"Seal_scat";"PV-11-09";"Pv";"Baie de Somme";2010-08-21;0;0;107.1504196;0;0;0;"Spring_Summer";2010;"(2008,2011]";"(2008,2011] Spring_Summer";"2010 Spring_Summer";6;6;107.1504196;2
"Seal_scat";"PV-11-10";"Pv";"Baie de Somme";2010-08-21;188.0106946;172.861477;0;0;0;0;"Spring_Summer";2010;"(2008,2011]";"(2008,2011] Spring_Summer";"2010 Spring_Summer";5;2;360.8721716;1
"Seal_scat";"PV-11-11";"Pv";"Baie de Somme";2010-08-21;252.850553;310.3296555;0;0;0;0;"Spring_Summer";2010;"(2008,2011]";"(2008,2011] Spring_Summer";"2010 Spring_Summer";4;1;563.1802085;1
"Seal_scat";"PV-11-04";"Pv";"Baie de Somme";2010-10-03;805.1477453;709.8797565;22.17489946;0;0;0;"Autumn_Winter";2010;"(2008,2011]";"(2008,2011] Autumn_Winter";"2010 Autumn_Winter";5;2;1537.20240126;1
"Seal_scat";"PV-11-06";"Pv";"Baie de Somme";2010-10-03;286.1206081;110.2020152;0;0;0;0;"Autumn_Winter";2010;"(2008,2011]";"(2008,2011] Autumn_Winter";"2010 Autumn_Winter";5;2;396.3226233;1
"Seal_scat";"PV-12-24";"Pv";"Baie de Somme";2011-07-10;271.8372474;349.1885704;0;0;0;0;"Spring_Summer";2011;"(2008,2011]";"(2008,2011] Spring_Summer";"2011 Spring_Summer";4;1;621.0258178;1
"Seal_scat";"PV-12-34";"Pv";"Baie de Somme";2011-07-10;17.69564457;0;0;0;0;0;"Spring_Summer";2011;"(2008,2011]";"(2008,2011] Spring_Summer";"2011 Spring_Summer";5;2;17.69564457;1
"Seal_scat";"PV-12-38";"Pv";"Baie de Somme";2011-07-10;97.80313935;0;0;0;0;0;"Spring_Summer";2011;"(2008,2011]";"(2008,2011] Spring_Summer";"2011 Spring_Summer";5;2;97.80313935;1
"Seal_scat";"HG-12-03";"Pv";"Baie de Somme";2011-07-23;751.2148905;78.54602319;0;0;0;0;"Spring_Summer";2011;"(2008,2011]";"(2008,2011] Spring_Summer";"2011 Spring_Summer";5;2;829.76091369;1
"Seal_scat";"HG-12-01";"Pv";"Baie de Somme";2011-07-25;0;0;0;56.36824421;0;0;"Spring_Summer";2011;"(2008,2011]";"(2008,2011] Spring_Summer";"2011 Spring_Summer";3;3;56.36824421;2
"Seal_scat";"HG-12-02";"Pv";"Baie de Somme";2011-07-25;1962.819047;71.77643564;85.42425114;0;0;0;"Spring_Summer";2011;"(2008,2011]";"(2008,2011] Spring_Summer";"2011 Spring_Summer";5;2;2120.01973378;1
"Seal_scat";"PV-12-07";"Pv";"Baie de Somme";2011-07-28;576.2062688;167.1424717;0;0;0;0;"Spring_Summer";2011;"(2008,2011]";"(2008,2011] Spring_Summer";"2011 Spring_Summer";5;2;743.3487405;1
"Seal_scat";"PV-12-29";"Pv";"Baie de Somme";2011-07-28;1186.044186;678.0573902;178.6950139;0;0;0;"Spring_Summer";2011;"(2008,2011]";"(2008,2011] Spring_Summer";"2011 Spring_Summer";5;2;2042.7965901;1
"Seal_scat";"PV-12-30";"Pv";"Baie de Somme";2011-07-28;40.00102963;0;0;0;0;0;"Spring_Summer";2011;"(2008,2011]";"(2008,2011] Spring_Summer";"2011 Spring_Summer";5;2;40.00102963;1
"Seal_scat";"PV-12-35";"Pv";"Baie de Somme";2011-07-28;599.6034365;387.9934015;54.79351941;0;0;0;"Spring_Summer";2011;"(2008,2011]";"(2008,2011] Spring_Summer";"2011 Spring_Summer";5;2;1042.39035741;1
"Seal_scat";"PV-12-37";"Pv";"Baie de Somme";2011-07-28;39.78223248;0;26.56471644;0;0;0;"Spring_Summer";2011;"(2008,2011]";"(2008,2011] Spring_Summer";"2011 Spring_Summer";5;2;66.34694892;1
"Seal_scat";"PV-12-01";"Pv";"Baie de Somme";2011-07-28;242.264434;0;0;0;0;0;"Spring_Summer";2011;"(2008,2011]";"(2008,2011] Spring_Summer";"2011 Spring_Summer";5;2;242.264434;1
"Seal_scat";"PV-12-03";"Pv";"Baie de Somme";2011-08-05;81.12572345;0;0;0;0;0;"Spring_Summer";2011;"(2008,2011]";"(2008,2011] Spring_Summer";"2011 Spring_Summer";5;2;81.12572345;1
"Seal_scat";"PV-12-06";"Pv";"Baie de Somme";2011-08-09;1380.473075;83.650558;309.6423002;0;0;0;"Spring_Summer";2011;"(2008,2011]";"(2008,2011] Spring_Summer";"2011 Spring_Summer";5;2;1773.7659332;1
"Seal_scat";"PV-12-10";"Pv";"Baie de Somme";2011-08-09;285.0114947;0;0;0;0;0;"Spring_Summer";2011;"(2008,2011]";"(2008,2011] Spring_Summer";"2011 Spring_Summer";5;2;285.0114947;1
"Seal_scat";"PV-12-11";"Pv";"Baie de Somme";2011-08-09;2934.005055;81.31347872;262.9703612;0;0;0;"Spring_Summer";2011;"(2008,2011]";"(2008,2011] Spring_Summer";"2011 Spring_Summer";5;2;3278.28889492;1
"Seal_scat";"PV-12-12";"Pv";"Baie de Somme";2011-08-09;82.7398231;78.85485486;137.6078389;0;0;0;"Spring_Summer";2011;"(2008,2011]";"(2008,2011] Spring_Summer";"2011 Spring_Summer";5;2;299.20251686;1
"Seal_scat";"PV-12-26";"Pv";"Baie de Somme";2011-08-09;249.0206896;0;104.0774217;0;0;0;"Spring_Summer";2011;"(2008,2011]";"(2008,2011] Spring_Summer";"2011 Spring_Summer";5;2;353.0981113;1
"Seal_scat";"PV-12-04";"Pv";"Baie de Somme";2011-08-10;1479.342003;4325.011958;0;0;0;0;"Spring_Summer";2011;"(2008,2011]";"(2008,2011] Spring_Summer";"2011 Spring_Summer";4;1;5804.353961;1
"Seal_scat";"PV-12-05";"Pv";"Baie de Somme";2011-08-10;2869.753511;1462.318561;41.76281663;0;0;0;"Spring_Summer";2011;"(2008,2011]";"(2008,2011] Spring_Summer";"2011 Spring_Summer";5;2;4373.83488863;1
"Seal_scat";"PV-12-09";"Pv";"Baie de Somme";2011-08-10;0;0;214.3783476;0;0;0;"Spring_Summer";2011;"(2008,2011]";"(2008,2011] Spring_Summer";"2011 Spring_Summer";6;6;214.3783476;2
"Seal_scat";"PV-12-13";"Pv";"Baie de Somme";2011-08-10;499.6035723;916.5540671;13.6723581;0;0;0;"Spring_Summer";2011;"(2008,2011]";"(2008,2011] Spring_Summer";"2011 Spring_Summer";4;1;1429.8299975;1
"Seal_scat";"PV-12-15";"Pv";"Baie de Somme";2011-08-10;701.2670527;258.0761197;179.9081669;0;0;0;"Spring_Summer";2011;"(2008,2011]";"(2008,2011] Spring_Summer";"2011 Spring_Summer";5;2;1139.2513393;1
"Seal_scat";"PV-12-16";"Pv";"Baie de Somme";2011-08-10;0;420.6355462;0;0;253.6665463;0;"Spring_Summer";2011;"(2008,2011]";"(2008,2011] Spring_Summer";"2011 Spring_Summer";5;2;674.3020925;1
"Seal_scat";"PV-12-18";"Pv";"Baie de Somme";2011-08-10;6098.248554;1982.116715;2233.131491;0;0;0;"Spring_Summer";2011;"(2008,2011]";"(2008,2011] Spring_Summer";"2011 Spring_Summer";5;2;10313.49676;1
"Seal_scat";"PV-12-19";"Pv";"Baie de Somme";2011-08-10;1064.878835;519.2083679;183.7081621;0;0;0;"Spring_Summer";2011;"(2008,2011]";"(2008,2011] Spring_Summer";"2011 Spring_Summer";5;2;1767.795365;1
"Seal_scat";"PV-12-20";"Pv";"Baie de Somme";2011-08-10;266.2211005;681.1715665;0;0;0;0;"Spring_Summer";2011;"(2008,2011]";"(2008,2011] Spring_Summer";"2011 Spring_Summer";4;1;947.392667;1
"Seal_scat";"PV-12-21";"Pv";"Baie de Somme";2011-08-10;3325.2396;4267.392549;755.1190118;0;0;0;"Spring_Summer";2011;"(2008,2011]";"(2008,2011] Spring_Summer";"2011 Spring_Summer";4;1;8347.7511608;1
"Seal_scat";"PV-12-23";"Pv";"Baie de Somme";2011-08-10;302.8305425;0;0;0;0;0;"Spring_Summer";2011;"(2008,2011]";"(2008,2011] Spring_Summer";"2011 Spring_Summer";5;2;302.8305425;1
"Seal_scat";"PV-12-25";"Pv";"Baie de Somme";2011-08-10;391.0384909;314.8749348;0;873.8945271;0;0;"Spring_Summer";2011;"(2008,2011]";"(2008,2011] Spring_Summer";"2011 Spring_Summer";3;3;1579.8079528;2
"Seal_scat";"PV-12-28";"Pv";"Baie de Somme";2011-08-10;363.396651;0;1.763696894;0;0;0;"Spring_Summer";2011;"(2008,2011]";"(2008,2011] Spring_Summer";"2011 Spring_Summer";5;2;365.160347894;1
"Seal_scat";"PV-12-02";"Pv";"Baie de Somme";2011-08-11;603.601645;425.2626602;23.90060888;0;0;0;"Spring_Summer";2011;"(2008,2011]";"(2008,2011] Spring_Summer";"2011 Spring_Summer";5;2;1052.76491408;1
"Seal_scat";"PV-12-14";"Pv";"Baie de Somme";2011-08-11;1504.989266;1629.000365;0;0;0;0;"Spring_Summer";2011;"(2008,2011]";"(2008,2011] Spring_Summer";"2011 Spring_Summer";4;1;3133.989631;1
"Seal_scat";"PV-12-17";"Pv";"Baie de Somme";2011-08-11;5841.63065;466.3357722;300.4008357;0;0;0;"Spring_Summer";2011;"(2008,2011]";"(2008,2011] Spring_Summer";"2011 Spring_Summer";5;2;6608.3672579;1
"Seal_scat";"PV-12-31";"Pv";"Baie de Somme";2011-08-11;2152.326846;87.04266563;256.350388;0;0;0;"Spring_Summer";2011;"(2008,2011]";"(2008,2011] Spring_Summer";"2011 Spring_Summer";5;2;2495.71989963;1
"Seal_scat";"PV-12-32";"Pv";"Baie de Somme";2011-08-21;204.321102;237.7874311;0;0;0;0;"Spring_Summer";2011;"(2008,2011]";"(2008,2011] Spring_Summer";"2011 Spring_Summer";4;1;442.1085331;1
"Seal_scat";"PV-12-22";"Pv";"Baie de Somme";2011-08-25;505.4735951;734.7512943;6.79259629;0;0;0;"Spring_Summer";2011;"(2008,2011]";"(2008,2011] Spring_Summer";"2011 Spring_Summer";4;1;1247.01748569;1
"Seal_scat";"PV-08-13";"Pv";"Baie de Somme";2012-07-28;125.9977236;0;290.7479243;0;0;0;"Spring_Summer";2012;"(2011,2014]";"(2011,2014] Spring_Summer";"2012 Spring_Summer";6;6;416.7456479;2
"Seal_scat";"PV-14-064";"Pv";"Baie de Somme";2013-05-16;1434.645325;1017.700483;0;0;0;0;"Spring_Summer";2013;"(2011,2014]";"(2011,2014] Spring_Summer";"2013 Spring_Summer";5;2;2452.345808;1
"Seal_scat";"PV-14-065";"Pv";"Baie de Somme";2013-05-16;0;0;0;168.3834094;0;0;"Spring_Summer";2013;"(2011,2014]";"(2011,2014] Spring_Summer";"2013 Spring_Summer";3;3;168.3834094;2
"Seal_scat";"PV-15-07";"Pv";"Baie de Somme";2014-07-08;5.466836035;0;0;0;0;0;"Spring_Summer";2014;"(2011,2014]";"(2011,2014] Spring_Summer";"2014 Spring_Summer";5;2;5.466836035;1
"Seal_scat";"PV-15-09";"Pv";"Baie de Somme";2014-07-08;136.2617533;0;0;0;0;0;"Spring_Summer";2014;"(2011,2014]";"(2011,2014] Spring_Summer";"2014 Spring_Summer";5;2;136.2617533;1
"Seal_scat";"PV-15-10";"Pv";"Baie de Somme";2014-07-08;35.28703853;0;0;0;0;0;"Spring_Summer";2014;"(2011,2014]";"(2011,2014] Spring_Summer";"2014 Spring_Summer";5;2;35.28703853;1
"Seal_scat";"PV-15-42";"Pv";"Baie de Somme";2014-08-17;116.1899407;0;0;0;0;0;"Spring_Summer";2014;"(2011,2014]";"(2011,2014] Spring_Summer";"2014 Spring_Summer";5;2;116.1899407;1
"Seal_scat";"PV-15-44";"Pv";"Baie de Somme";2014-08-19;638.3083918;1042.814719;408.7964374;0;1091.123181;0;"Spring_Summer";2014;"(2011,2014]";"(2011,2014] Spring_Summer";"2014 Spring_Summer";5;2;3181.0427292;1
"Seal_scat";"PV-15-45";"Pv";"Baie de Somme";2014-08-19;129.2788544;0;0;0;0;0;"Spring_Summer";2014;"(2011,2014]";"(2011,2014] Spring_Summer";"2014 Spring_Summer";5;2;129.2788544;1
"Seal_scat";"PV-15-46";"Pv";"Baie de Somme";2014-08-19;500.048517;1365.958501;0;0;0;0;"Spring_Summer";2014;"(2011,2014]";"(2011,2014] Spring_Summer";"2014 Spring_Summer";4;1;1866.007018;1
"Seal_scat";"PV-15-47";"Pv";"Baie de Somme";2014-08-19;0;570.1489489;0;0;0;0;"Spring_Summer";2014;"(2011,2014]";"(2011,2014] Spring_Summer";"2014 Spring_Summer";4;1;570.1489489;1
"Seal_scat";"PV-15-48";"Pv";"Baie de Somme";2014-08-19;467.5928271;1482.338095;0;300.6168226;0;0;"Spring_Summer";2014;"(2011,2014]";"(2011,2014] Spring_Summer";"2014 Spring_Summer";4;1;2250.5477447;1
"Seal_scat";"PV-15-49";"Pv";"Baie de Somme";2014-08-19;487.1800255;735.9649826;0;0;75.26177155;0;"Spring_Summer";2014;"(2011,2014]";"(2011,2014] Spring_Summer";"2014 Spring_Summer";4;1;1298.40677965;1
"Seal_scat";"PV-15-01";"Pv";"Baie de Somme";2014-08-20;236.9736682;589.6021489;0;0;182.3197577;0;"Spring_Summer";2014;"(2011,2014]";"(2011,2014] Spring_Summer";"2014 Spring_Summer";5;2;1008.8955748;1
"Seal_scat";"PV-15-12";"Pv";"Baie de Somme";2014-08-20;467.6950797;0;0;0;0;0;"Spring_Summer";2014;"(2011,2014]";"(2011,2014] Spring_Summer";"2014 Spring_Summer";5;2;467.6950797;1
"Seal_scat";"PV-15-13";"Pv";"Baie de Somme";2014-08-20;968.1820813;900.0968946;0.323229675;0;0;0;"Spring_Summer";2014;"(2011,2014]";"(2011,2014] Spring_Summer";"2014 Spring_Summer";5;2;1868.602205575;1
"Seal_scat";"PV-15-14";"Pv";"Baie de Somme";2014-08-20;944.8530262;0;13.45930102;0;0;0;"Spring_Summer";2014;"(2011,2014]";"(2011,2014] Spring_Summer";"2014 Spring_Summer";5;2;958.31232722;1
"Seal_scat";"PV-15-15";"Pv";"Baie de Somme";2014-08-20;145.0649558;185.8561257;2.648703388;0;85.63456358;0;"Spring_Summer";2014;"(2011,2014]";"(2011,2014] Spring_Summer";"2014 Spring_Summer";5;2;419.204348468;1
"Seal_scat";"PV-15-16";"Pv";"Baie de Somme";2014-08-20;1826.078928;2504.319756;35.17355273;0;0;0;"Spring_Summer";2014;"(2011,2014]";"(2011,2014] Spring_Summer";"2014 Spring_Summer";4;1;4365.57223673;1
"Seal_scat";"PV-15-17";"Pv";"Baie de Somme";2014-08-20;1657.98213;1500.702081;261.111012;0;0;0;"Spring_Summer";2014;"(2011,2014]";"(2011,2014] Spring_Summer";"2014 Spring_Summer";4;1;3419.795223;1
"Seal_scat";"PV-15-18";"Pv";"Baie de Somme";2014-08-20;1027.779206;319.1883252;119.0250425;0;0;0;"Spring_Summer";2014;"(2011,2014]";"(2011,2014] Spring_Summer";"2014 Spring_Summer";5;2;1465.9925737;1
"Seal_scat";"PV-15-19";"Pv";"Baie de Somme";2014-08-20;645.1073424;1037.710193;0;0;0;0;"Spring_Summer";2014;"(2011,2014]";"(2011,2014] Spring_Summer";"2014 Spring_Summer";4;1;1682.8175354;1
"Seal_scat";"PV-15-20";"Pv";"Baie de Somme";2014-08-20;1665.568174;1504.735534;0;0;0;0;"Spring_Summer";2014;"(2011,2014]";"(2011,2014] Spring_Summer";"2014 Spring_Summer";5;2;3170.303708;1
"Seal_scat";"PV-15-21";"Pv";"Baie de Somme";2014-08-20;221.0623746;71.79427916;1.588002882;0;588.9432649;0;"Spring_Summer";2014;"(2011,2014]";"(2011,2014] Spring_Summer";"2014 Spring_Summer";5;2;883.387921542;1
"Seal_scat";"PV-15-22";"Pv";"Baie de Somme";2014-08-20;380.6095686;196.7339973;0;0;0;0;"Spring_Summer";2014;"(2011,2014]";"(2011,2014] Spring_Summer";"2014 Spring_Summer";5;2;577.3435659;1
"Seal_scat";"PV-15-23";"Pv";"Baie de Somme";2014-08-20;453.367947;1176.927673;0;0;0;0;"Spring_Summer";2014;"(2011,2014]";"(2011,2014] Spring_Summer";"2014 Spring_Summer";4;1;1630.29562;1
"Seal_scat";"PV-15-24";"Pv";"Baie de Somme";2014-08-20;514.0625522;985.8225534;2.23572908;0;119.6517434;0;"Spring_Summer";2014;"(2011,2014]";"(2011,2014] Spring_Summer";"2014 Spring_Summer";4;1;1621.77257808;1
"Seal_scat";"PV-15-25";"Pv";"Baie de Somme";2014-08-20;512.6204611;225.5335435;11.94059827;0;87.81730843;0;"Spring_Summer";2014;"(2011,2014]";"(2011,2014] Spring_Summer";"2014 Spring_Summer";5;2;837.9119113;1
"Seal_scat";"PV-15-26";"Pv";"Baie de Somme";2014-08-20;360.8420445;637.4875194;59.12284605;0;295.0793252;0;"Spring_Summer";2014;"(2011,2014]";"(2011,2014] Spring_Summer";"2014 Spring_Summer";5;2;1352.53173515;1
"Seal_scat";"PV-15-27";"Pv";"Baie de Somme";2014-08-20;30.66052338;427.7164393;0.840030521;0;0;0;"Spring_Summer";2014;"(2011,2014]";"(2011,2014] Spring_Summer";"2014 Spring_Summer";4;1;459.216993201;1
"Seal_scat";"PV-15-28";"Pv";"Baie de Somme";2014-08-20;81.10285874;525.2802227;0;0;0;0;"Spring_Summer";2014;"(2011,2014]";"(2011,2014] Spring_Summer";"2014 Spring_Summer";4;1;606.38308144;1
"Seal_scat";"PV-15-29";"Pv";"Baie de Somme";2014-08-20;37.71993502;255.3985483;0;0;198.6723862;0;"Spring_Summer";2014;"(2011,2014]";"(2011,2014] Spring_Summer";"2014 Spring_Summer";5;2;491.79086952;1
"Seal_scat";"PV-15-30";"Pv";"Baie de Somme";2014-08-20;1608.503964;380.3329224;19.5037755;0;0;0;"Spring_Summer";2014;"(2011,2014]";"(2011,2014] Spring_Summer";"2014 Spring_Summer";5;2;2008.3406619;1
"Seal_scat";"PV-15-31";"Pv";"Baie de Somme";2014-08-20;392.5970306;334.2717471;34.88127498;0;486.6624717;0;"Spring_Summer";2014;"(2011,2014]";"(2011,2014] Spring_Summer";"2014 Spring_Summer";5;2;1248.41252438;1
"Seal_scat";"PV-15-32";"Pv";"Baie de Somme";2014-08-20;28.06630145;0;0;0;529.2780663;0;"Spring_Summer";2014;"(2011,2014]";"(2011,2014] Spring_Summer";"2014 Spring_Summer";1;5;557.34436775;2
"Seal_scat";"PV-15-33";"Pv";"Baie de Somme";2014-08-20;157.2297901;0;0;0;0;0;"Spring_Summer";2014;"(2011,2014]";"(2011,2014] Spring_Summer";"2014 Spring_Summer";5;2;157.2297901;1
"Seal_scat";"PV-15-34";"Pv";"Baie de Somme";2014-08-20;785.3014138;507.3125165;30.27629698;0;134.9491839;0;"Spring_Summer";2014;"(2011,2014]";"(2011,2014] Spring_Summer";"2014 Spring_Summer";5;2;1457.83941118;1
"Seal_scat";"PV-15-35";"Pv";"Baie de Somme";2014-08-20;36.0093621;215.7121246;0;0;0;0;"Spring_Summer";2014;"(2011,2014]";"(2011,2014] Spring_Summer";"2014 Spring_Summer";4;1;251.7214867;1
"Seal_scat";"PV-15-36";"Pv";"Baie de Somme";2014-08-20;236.3869122;315.3361861;0;0;0;0;"Spring_Summer";2014;"(2011,2014]";"(2011,2014] Spring_Summer";"2014 Spring_Summer";4;1;551.7230983;1
"Seal_scat";"PV-15-37";"Pv";"Baie de Somme";2014-08-20;1863.720927;1031.033946;63.30525106;0;0;0;"Spring_Summer";2014;"(2011,2014]";"(2011,2014] Spring_Summer";"2014 Spring_Summer";5;2;2958.06012406;1
"Seal_scat";"PV-15-38";"Pv";"Baie de Somme";2014-08-20;87.74736896;0;1.97958944;0;0;0;"Spring_Summer";2014;"(2011,2014]";"(2011,2014] Spring_Summer";"2014 Spring_Summer";5;2;89.7269584;1
"Seal_scat";"PV-15-39";"Pv";"Baie de Somme";2014-08-20;127.2445412;289.0015492;1.18790383;0;0;0;"Spring_Summer";2014;"(2011,2014]";"(2011,2014] Spring_Summer";"2014 Spring_Summer";4;1;417.43399423;1
"Seal_scat";"PV-15-06";"Pv";"Baie de Somme";2014-08-21;0;0;0;1262.459996;0;0;"Spring_Summer";2014;"(2011,2014]";"(2011,2014] Spring_Summer";"2014 Spring_Summer";3;3;1262.459996;2
"Seal_scat";"PV-15-40";"Pv";"Baie de Somme";2014-08-27;0;0;0;810.0800291;0;0;"Spring_Summer";2014;"(2011,2014]";"(2011,2014] Spring_Summer";"2014 Spring_Summer";3;3;810.0800291;2
"Seal_scat";"PV-15-02";"Pv";"Baie de Somme";2015-08-20;1352.650546;609.8560882;8.237401283;0;139.6045087;0;"Spring_Summer";2015;"(2014,2017]";"(2014,2017] Spring_Summer";"2015 Spring_Summer";5;2;2110.348544183;1
"Seal_scat";"Hg-17-113";"Pv";"Baie de Somme";2017-05-22;18.68925827;0;0;17.53135601;0;0;"Spring_Summer";2017;"(2014,2017]";"(2014,2017] Spring_Summer";"2017 Spring_Summer";5;2;36.22061428;1
"Seal_scat";"Hg-17-140";"Pv";"Baie de Somme";2017-08-20;288.1787442;345.9696002;0;0;0;0;"Spring_Summer";2017;"(2014,2017]";"(2014,2017] Spring_Summer";"2017 Spring_Summer";4;1;634.1483444;1
"Seal_scat";"Hg-17-141";"Pv";"Baie de Somme";2017-08-20;0;102.239797;0;0;0;0;"Spring_Summer";2017;"(2014,2017]";"(2014,2017] Spring_Summer";"2017 Spring_Summer";4;1;102.239797;1
"Seal_scat";"Hg-17-142";"Pv";"Baie de Somme";2017-08-20;84.67354993;3104.285822;0;0;0;0;"Spring_Summer";2017;"(2014,2017]";"(2014,2017] Spring_Summer";"2017 Spring_Summer";4;1;3188.95937193;1
"Seal_scat";"PV-19-001";"Pv";"Baie de Somme";2019-02-25;0;0;0;0;371.8115004;0;"Autumn_Winter";2019;"(2017,2019]";"(2017,2019] Autumn_Winter";"2019 Autumn_Winter";1;5;371.8115004;2
"Seal_scat";"PV-19-005";"Pv";"Baie de Somme";2019-02-26;53.67637557;0;0;0;0;0;"Autumn_Winter";2019;"(2017,2019]";"(2017,2019] Autumn_Winter";"2019 Autumn_Winter";5;2;53.67637557;1
"Seal_scat";"PV-19-008";"Pv";"Baie de Somme";2019-02-26;19.93685065;0;0;0;0;0;"Autumn_Winter";2019;"(2017,2019]";"(2017,2019] Autumn_Winter";"2019 Autumn_Winter";5;2;19.93685065;1
"Seal_scat";"PV-19-009";"Pv";"Baie de Somme";2019-02-26;94.33209483;72.93868881;0;0;35.32604172;0;"Autumn_Winter";2019;"(2017,2019]";"(2017,2019] Autumn_Winter";"2019 Autumn_Winter";5;2;202.59682536;1
"Seal_scat";"PV-19-010";"Pv";"Baie de Somme";2019-02-27;213.399697;481.2347317;0;156.4851312;0;0;"Autumn_Winter";2019;"(2017,2019]";"(2017,2019] Autumn_Winter";"2019 Autumn_Winter";4;1;851.1195599;1
"Seal_scat";"PV-19-011";"Pv";"Baie de Somme";2019-02-27;183.7112061;0;3.903921089;0;0;0;"Autumn_Winter";2019;"(2017,2019]";"(2017,2019] Autumn_Winter";"2019 Autumn_Winter";5;2;187.615127189;1
"Seal_scat";"PV-19-012";"Pv";"Baie de Somme";2019-02-27;0;0;0;93.85898081;0;0;"Autumn_Winter";2019;"(2017,2019]";"(2017,2019] Autumn_Winter";"2019 Autumn_Winter";3;3;93.85898081;2
"Seal_scat";"PV-19-013";"Pv";"Baie de Somme";2019-02-27;1322.493573;276.0838892;0;0;0;0;"Autumn_Winter";2019;"(2017,2019]";"(2017,2019] Autumn_Winter";"2019 Autumn_Winter";5;2;1598.5774622;1
