"Species";"Cluster";"Prey";"Functionnal_groups";"Num_group_functionnal";"Prop";"CI_inf";"CI_sup"
"Hg";1;"Small_benthic_flatfish";"Small benthic flatfish";1;0.083258502829412;0.0420051368735979;0.128529176956451
"Hg";1;"Large_benthic_flatfish";"Large benthic flatfish";2;0.732579414573788;0.641636090532071;0.828829994845216
"Hg";1;"Benthic_non_flatfish";"Benthic non-flatfish";3;0;0;0
"Hg";1;"Demersal_fish";"Demersal fish";4;0.180634060592125;0.0747291180027517;0.2592607702898
"Hg";1;"Pelagic_fish";"Pelagic fish";5;0.00352802200467509;0;0.00951616139096719
"Hg";1;"Pelagic_squids";"Pelagic squids";6;0;0;0
"Hg";2;"Small_benthic_flatfish";"Small benthic flatfish";1;0.534283004311285;0.339891862110697;0.71914793904504
"Hg";2;"Large_benthic_flatfish";"Large benthic flatfish";2;0.348212003187688;0.199904411882735;0.432528545648043
"Hg";2;"Benthic_non_flatfish";"Benthic non-flatfish";3;0;0;0
"Hg";2;"Demersal_fish";"Demersal fish";4;0.0208347699490867;0.00390018863770915;0.0717145121655411
"Hg";2;"Pelagic_fish";"Pelagic fish";5;0.09667022255194;0.00301623840668179;0.234127081317994
"Hg";2;"Pelagic_squids";"Pelagic squids";6;0;0;0
"Hg";3;"Small_benthic_flatfish";"Small benthic flatfish";1;0.0556274217329179;0;0.156319473362525
"Hg";3;"Large_benthic_flatfish";"Large benthic flatfish";2;0;0;0
"Hg";3;"Benthic_non_flatfish";"Benthic non-flatfish";3;0;0;0
"Hg";3;"Demersal_fish";"Demersal fish";4;0.83878404905628;0.722328003275981;1
"Hg";3;"Pelagic_fish";"Pelagic fish";5;0.105588529210802;0;0.216840183301687
"Hg";3;"Pelagic_squids";"Pelagic squids";6;0;0;0
"Hg";4;"Small_benthic_flatfish";"Small benthic flatfish";1;0.0184312181277232;0;0.0673002993200133
"Hg";4;"Large_benthic_flatfish";"Large benthic flatfish";2;0.157026672568392;0.0617051728696373;0.338975665062539
"Hg";4;"Benthic_non_flatfish";"Benthic non-flatfish";3;0;0;0
"Hg";4;"Demersal_fish";"Demersal fish";4;0.205186707880811;0.0951665566102304;0.37430685579205
"Hg";4;"Pelagic_fish";"Pelagic fish";5;0.0531039111626358;0;0.189515195017021
"Hg";4;"Pelagic_squids";"Pelagic squids";6;0.566251490260438;0.346336954613174;0.738916158643389
"Hg";5;"Small_benthic_flatfish";"Small benthic flatfish";1;0.00164002245868746;0;0.00748355399129611
"Hg";5;"Large_benthic_flatfish";"Large benthic flatfish";2;0;0;0
"Hg";5;"Benthic_non_flatfish";"Benthic non-flatfish";3;7.68413379822609e-05;0;0.000409510505382338
"Hg";5;"Demersal_fish";"Demersal fish";4;0.0401378616773525;0;0.076531603835408
"Hg";5;"Pelagic_fish";"Pelagic fish";5;0.958145274525978;0.921427371005039;0.999744916894443
"Hg";5;"Pelagic_squids";"Pelagic squids";6;0;0;0
"Hg";6;"Small_benthic_flatfish";"Small benthic flatfish";1;0;0;0
"Hg";6;"Large_benthic_flatfish";"Large benthic flatfish";2;0;0;0
"Hg";6;"Benthic_non_flatfish";"Benthic non-flatfish";3;0;0;0
"Hg";6;"Demersal_fish";"Demersal fish";4;0;0;0
"Hg";6;"Pelagic_fish";"Pelagic fish";5;0;0;0
"Hg";6;"Pelagic_squids";"Pelagic squids";6;0;0;0
"Pv";1;"Small_benthic_flatfish";"Small benthic flatfish";1;0.283091936906347;0.225562306790336;0.330136052475031
"Pv";1;"Large_benthic_flatfish";"Large benthic flatfish";2;0.679650524029606;0.626644515426427;0.74984393122282
"Pv";1;"Benthic_non_flatfish";"Benthic non-flatfish";3;0.0195468960281835;0.00315053533800497;0.036169314034147
"Pv";1;"Demersal_fish";"Demersal fish";4;0.0125994504306506;0.000292693137821056;0.0335512383750169
"Pv";1;"Pelagic_fish";"Pelagic fish";5;0.00511119260521283;0.00104715248542919;0.0101047979232141
"Pv";1;"Pelagic_squids";"Pelagic squids";6;0;0;0
"Pv";2;"Small_benthic_flatfish";"Small benthic flatfish";1;0.675113866540458;0.619742271084809;0.723908117627662
"Pv";2;"Large_benthic_flatfish";"Large benthic flatfish";2;0.242206002207007;0.203055720333899;0.287018532735846
"Pv";2;"Benthic_non_flatfish";"Benthic non-flatfish";3;0.0502325977566428;0.0255626439658082;0.0781170991708139
"Pv";2;"Demersal_fish";"Demersal fish";4;0.000852575551306165;0.000125343537809195;0.0019866410963149
"Pv";2;"Pelagic_fish";"Pelagic fish";5;0.0315949579445855;0.0129807088413465;0.0606986100541095
"Pv";2;"Pelagic_squids";"Pelagic squids";6;0;0;0
"Pv";3;"Small_benthic_flatfish";"Small benthic flatfish";1;0.0822594921880636;0.0220372496582762;0.150278433115357
"Pv";3;"Large_benthic_flatfish";"Large benthic flatfish";2;0.104896604953987;0.0348763446513523;0.169961983682514
"Pv";3;"Benthic_non_flatfish";"Benthic non-flatfish";3;0;0;0
"Pv";3;"Demersal_fish";"Demersal fish";4;0.81284390285795;0.695096945844627;0.933408506473065
"Pv";3;"Pelagic_fish";"Pelagic fish";5;0;0;0
"Pv";3;"Pelagic_squids";"Pelagic squids";6;0;0;0
"Pv";4;"Small_benthic_flatfish";"Small benthic flatfish";1;0;0;0
"Pv";4;"Large_benthic_flatfish";"Large benthic flatfish";2;0;0;0
"Pv";4;"Benthic_non_flatfish";"Benthic non-flatfish";3;0;0;0
"Pv";4;"Demersal_fish";"Demersal fish";4;0;0;0
"Pv";4;"Pelagic_fish";"Pelagic fish";5;0;0;0
"Pv";4;"Pelagic_squids";"Pelagic squids";6;0;0;0
"Pv";5;"Small_benthic_flatfish";"Small benthic flatfish";1;0.0263486479266364;0;0.0499347904584673
"Pv";5;"Large_benthic_flatfish";"Large benthic flatfish";2;0;0;0
"Pv";5;"Benthic_non_flatfish";"Benthic non-flatfish";3;0;0;0
"Pv";5;"Demersal_fish";"Demersal fish";4;0;0;0
"Pv";5;"Pelagic_fish";"Pelagic fish";5;0.973651352073364;0.950065209541533;1
"Pv";5;"Pelagic_squids";"Pelagic squids";6;0;0;0
"Pv";6;"Small_benthic_flatfish";"Small benthic flatfish";1;0.0491239104906855;0.0110436246573939;0.0853554890635971
"Pv";6;"Large_benthic_flatfish";"Large benthic flatfish";2;0.108205586076771;0.0419943430444138;0.159127712369282
"Pv";6;"Benthic_non_flatfish";"Benthic non-flatfish";3;0.813401727930831;0.76395570149915;0.897534108464672
"Pv";6;"Demersal_fish";"Demersal fish";4;0.0247236118136553;0;0.0683732180653645
"Pv";6;"Pelagic_fish";"Pelagic fish";5;0.00454516368805816;0;0.0097597240748746
"Pv";6;"Pelagic_squids";"Pelagic squids";6;0;0;0
