"Cluster";"N";"Prop_N";"Prop_N_inf";"Prop_N_sup";"Species";"Year_grp";"Season";"Year_Season";"Season.labs";"N_tot_season";"Year_grp.labs"
"1";0;0;0;0;"Hg";"[2002,2005]";"Spring_Summer";"[2002,2005] Spring_Summer";"Spring / Summer";0;"[2002-2005]"
"2";0;0;0;0;"Hg";"[2002,2005]";"Spring_Summer";"[2002,2005] Spring_Summer";"Spring / Summer";0;"[2002-2005]"
"3";0;0;0;0;"Hg";"[2002,2005]";"Spring_Summer";"[2002,2005] Spring_Summer";"Spring / Summer";0;"[2002-2005]"
"4";0;0;0;0;"Hg";"[2002,2005]";"Spring_Summer";"[2002,2005] Spring_Summer";"Spring / Summer";0;"[2002-2005]"
"5";0;0;0;0;"Hg";"[2002,2005]";"Spring_Summer";"[2002,2005] Spring_Summer";"Spring / Summer";0;"[2002-2005]"
"6";0;0;0;0;"Hg";"[2002,2005]";"Spring_Summer";"[2002,2005] Spring_Summer";"Spring / Summer";0;"[2002-2005]"
"1";0;0;0;0;"Hg";"[2002,2005]";"Autumn_Winter";"[2002,2005] Autumn_Winter";"Autumn / Winter";0;"[2002-2005]"
"2";0;0;0;0;"Hg";"[2002,2005]";"Autumn_Winter";"[2002,2005] Autumn_Winter";"Autumn / Winter";0;"[2002-2005]"
"3";0;0;0;0;"Hg";"[2002,2005]";"Autumn_Winter";"[2002,2005] Autumn_Winter";"Autumn / Winter";0;"[2002-2005]"
"4";0;0;0;0;"Hg";"[2002,2005]";"Autumn_Winter";"[2002,2005] Autumn_Winter";"Autumn / Winter";0;"[2002-2005]"
"5";0;0;0;0;"Hg";"[2002,2005]";"Autumn_Winter";"[2002,2005] Autumn_Winter";"Autumn / Winter";0;"[2002-2005]"
"6";0;0;0;0;"Hg";"[2002,2005]";"Autumn_Winter";"[2002,2005] Autumn_Winter";"Autumn / Winter";0;"[2002-2005]"
"1";0;0;0;0;"Hg";"(2005,2008]";"Spring_Summer";"(2005,2008] Spring_Summer";"Spring / Summer";0;"[2006-2008]"
"2";0;0;0;0;"Hg";"(2005,2008]";"Spring_Summer";"(2005,2008] Spring_Summer";"Spring / Summer";0;"[2006-2008]"
"3";0;0;0;0;"Hg";"(2005,2008]";"Spring_Summer";"(2005,2008] Spring_Summer";"Spring / Summer";0;"[2006-2008]"
"4";0;0;0;0;"Hg";"(2005,2008]";"Spring_Summer";"(2005,2008] Spring_Summer";"Spring / Summer";0;"[2006-2008]"
"5";0;0;0;0;"Hg";"(2005,2008]";"Spring_Summer";"(2005,2008] Spring_Summer";"Spring / Summer";0;"[2006-2008]"
"6";0;0;0;0;"Hg";"(2005,2008]";"Spring_Summer";"(2005,2008] Spring_Summer";"Spring / Summer";0;"[2006-2008]"
"1";0;0;0;0;"Hg";"(2005,2008]";"Autumn_Winter";"(2005,2008] Autumn_Winter";"Autumn / Winter";0;"[2006-2008]"
"2";0;0;0;0;"Hg";"(2005,2008]";"Autumn_Winter";"(2005,2008] Autumn_Winter";"Autumn / Winter";0;"[2006-2008]"
"3";0;0;0;0;"Hg";"(2005,2008]";"Autumn_Winter";"(2005,2008] Autumn_Winter";"Autumn / Winter";0;"[2006-2008]"
"4";0;0;0;0;"Hg";"(2005,2008]";"Autumn_Winter";"(2005,2008] Autumn_Winter";"Autumn / Winter";0;"[2006-2008]"
"5";0;0;0;0;"Hg";"(2005,2008]";"Autumn_Winter";"(2005,2008] Autumn_Winter";"Autumn / Winter";0;"[2006-2008]"
"6";0;0;0;0;"Hg";"(2005,2008]";"Autumn_Winter";"(2005,2008] Autumn_Winter";"Autumn / Winter";0;"[2006-2008]"
"1";0;0;0;0;"Hg";"(2008,2011]";"Spring_Summer";"(2008,2011] Spring_Summer";"Spring / Summer";0;"[2009-2011]"
"2";0;0;0;0;"Hg";"(2008,2011]";"Spring_Summer";"(2008,2011] Spring_Summer";"Spring / Summer";0;"[2009-2011]"
"3";0;0;0;0;"Hg";"(2008,2011]";"Spring_Summer";"(2008,2011] Spring_Summer";"Spring / Summer";0;"[2009-2011]"
"4";0;0;0;0;"Hg";"(2008,2011]";"Spring_Summer";"(2008,2011] Spring_Summer";"Spring / Summer";0;"[2009-2011]"
"5";0;0;0;0;"Hg";"(2008,2011]";"Spring_Summer";"(2008,2011] Spring_Summer";"Spring / Summer";0;"[2009-2011]"
"6";0;0;0;0;"Hg";"(2008,2011]";"Spring_Summer";"(2008,2011] Spring_Summer";"Spring / Summer";0;"[2009-2011]"
"1";0;0;0;0;"Hg";"(2008,2011]";"Autumn_Winter";"(2008,2011] Autumn_Winter";"Autumn / Winter";0;"[2009-2011]"
"2";0;0;0;0;"Hg";"(2008,2011]";"Autumn_Winter";"(2008,2011] Autumn_Winter";"Autumn / Winter";0;"[2009-2011]"
"3";0;0;0;0;"Hg";"(2008,2011]";"Autumn_Winter";"(2008,2011] Autumn_Winter";"Autumn / Winter";0;"[2009-2011]"
"4";0;0;0;0;"Hg";"(2008,2011]";"Autumn_Winter";"(2008,2011] Autumn_Winter";"Autumn / Winter";0;"[2009-2011]"
"5";0;0;0;0;"Hg";"(2008,2011]";"Autumn_Winter";"(2008,2011] Autumn_Winter";"Autumn / Winter";0;"[2009-2011]"
"6";0;0;0;0;"Hg";"(2008,2011]";"Autumn_Winter";"(2008,2011] Autumn_Winter";"Autumn / Winter";0;"[2009-2011]"
"1";0;0;0;0;"Hg";"(2011,2014]";"Spring_Summer";"(2011,2014] Spring_Summer";"Spring / Summer";0;"[2012-2014]"
"2";0;0;0;0;"Hg";"(2011,2014]";"Spring_Summer";"(2011,2014] Spring_Summer";"Spring / Summer";0;"[2012-2014]"
"3";0;0;0;0;"Hg";"(2011,2014]";"Spring_Summer";"(2011,2014] Spring_Summer";"Spring / Summer";0;"[2012-2014]"
"4";0;0;0;0;"Hg";"(2011,2014]";"Spring_Summer";"(2011,2014] Spring_Summer";"Spring / Summer";0;"[2012-2014]"
"5";0;0;0;0;"Hg";"(2011,2014]";"Spring_Summer";"(2011,2014] Spring_Summer";"Spring / Summer";0;"[2012-2014]"
"6";0;0;0;0;"Hg";"(2011,2014]";"Spring_Summer";"(2011,2014] Spring_Summer";"Spring / Summer";0;"[2012-2014]"
"1";0;0;0;0;"Hg";"(2011,2014]";"Autumn_Winter";"(2011,2014] Autumn_Winter";"Autumn / Winter";0;"[2012-2014]"
"2";0;0;0;0;"Hg";"(2011,2014]";"Autumn_Winter";"(2011,2014] Autumn_Winter";"Autumn / Winter";0;"[2012-2014]"
"3";0;0;0;0;"Hg";"(2011,2014]";"Autumn_Winter";"(2011,2014] Autumn_Winter";"Autumn / Winter";0;"[2012-2014]"
"4";0;0;0;0;"Hg";"(2011,2014]";"Autumn_Winter";"(2011,2014] Autumn_Winter";"Autumn / Winter";0;"[2012-2014]"
"5";0;0;0;0;"Hg";"(2011,2014]";"Autumn_Winter";"(2011,2014] Autumn_Winter";"Autumn / Winter";0;"[2012-2014]"
"6";0;0;0;0;"Hg";"(2011,2014]";"Autumn_Winter";"(2011,2014] Autumn_Winter";"Autumn / Winter";0;"[2012-2014]"
"1";5;0.227272727272727;0.0909090909090909;0.409090909090909;"Hg";"(2014,2017]";"Spring_Summer";"(2014,2017] Spring_Summer";"Spring / Summer";22;"[2015-2017]"
"2";10;0.454545454545455;0.272727272727273;0.681818181818182;"Hg";"(2014,2017]";"Spring_Summer";"(2014,2017] Spring_Summer";"Spring / Summer";22;"[2015-2017]"
"3";4;0.181818181818182;0.0454545454545455;0.318181818181818;"Hg";"(2014,2017]";"Spring_Summer";"(2014,2017] Spring_Summer";"Spring / Summer";22;"[2015-2017]"
"4";1;0.0454545454545455;0;0.136363636363636;"Hg";"(2014,2017]";"Spring_Summer";"(2014,2017] Spring_Summer";"Spring / Summer";22;"[2015-2017]"
"5";2;0.0909090909090909;0;0.227272727272727;"Hg";"(2014,2017]";"Spring_Summer";"(2014,2017] Spring_Summer";"Spring / Summer";22;"[2015-2017]"
"6";0;0;0;0;"Hg";"(2014,2017]";"Spring_Summer";"(2014,2017] Spring_Summer";"Spring / Summer";22;"[2015-2017]"
"1";11;0.354838709677419;0.193548387096774;0.516129032258065;"Hg";"(2014,2017]";"Autumn_Winter";"(2014,2017] Autumn_Winter";"Autumn / Winter";31;"[2015-2017]"
"2";1;0.032258064516129;0;0.0967741935483871;"Hg";"(2014,2017]";"Autumn_Winter";"(2014,2017] Autumn_Winter";"Autumn / Winter";31;"[2015-2017]"
"3";2;0.0645161290322581;0;0.161290322580645;"Hg";"(2014,2017]";"Autumn_Winter";"(2014,2017] Autumn_Winter";"Autumn / Winter";31;"[2015-2017]"
"4";5;0.161290322580645;0.0645161290322581;0.290322580645161;"Hg";"(2014,2017]";"Autumn_Winter";"(2014,2017] Autumn_Winter";"Autumn / Winter";31;"[2015-2017]"
"5";12;0.387096774193548;0.225806451612903;0.580645161290323;"Hg";"(2014,2017]";"Autumn_Winter";"(2014,2017] Autumn_Winter";"Autumn / Winter";31;"[2015-2017]"
"6";0;0;0;0;"Hg";"(2014,2017]";"Autumn_Winter";"(2014,2017] Autumn_Winter";"Autumn / Winter";31;"[2015-2017]"
"5";1;1;1;1;"Hg";"(2017,2019]";"Spring_Summer";"(2017,2019] Spring_Summer";"Spring / Summer";1;"[2018-2019]"
"4";0;0;0;0;"Hg";"(2017,2019]";"Spring_Summer";"(2017,2019] Spring_Summer";"Spring / Summer";1;"[2018-2019]"
"3";0;0;0;0;"Hg";"(2017,2019]";"Spring_Summer";"(2017,2019] Spring_Summer";"Spring / Summer";1;"[2018-2019]"
"1";0;0;0;0;"Hg";"(2017,2019]";"Spring_Summer";"(2017,2019] Spring_Summer";"Spring / Summer";1;"[2018-2019]"
"2";0;0;0;0;"Hg";"(2017,2019]";"Spring_Summer";"(2017,2019] Spring_Summer";"Spring / Summer";1;"[2018-2019]"
"6";0;0;0;0;"Hg";"(2017,2019]";"Spring_Summer";"(2017,2019] Spring_Summer";"Spring / Summer";1;"[2018-2019]"
"1";3;0.130434782608696;0;0.304347826086957;"Hg";"(2017,2019]";"Autumn_Winter";"(2017,2019] Autumn_Winter";"Autumn / Winter";23;"[2018-2019]"
"2";6;0.260869565217391;0.0869565217391304;0.478260869565217;"Hg";"(2017,2019]";"Autumn_Winter";"(2017,2019] Autumn_Winter";"Autumn / Winter";23;"[2018-2019]"
"3";5;0.217391304347826;0.0434782608695652;0.391304347826087;"Hg";"(2017,2019]";"Autumn_Winter";"(2017,2019] Autumn_Winter";"Autumn / Winter";23;"[2018-2019]"
"4";3;0.130434782608696;0;0.260869565217391;"Hg";"(2017,2019]";"Autumn_Winter";"(2017,2019] Autumn_Winter";"Autumn / Winter";23;"[2018-2019]"
"5";6;0.260869565217391;0.0869565217391304;0.434782608695652;"Hg";"(2017,2019]";"Autumn_Winter";"(2017,2019] Autumn_Winter";"Autumn / Winter";23;"[2018-2019]"
"6";0;0;0;0;"Hg";"(2017,2019]";"Autumn_Winter";"(2017,2019] Autumn_Winter";"Autumn / Winter";23;"[2018-2019]"
"1";2;0.666666666666667;0.333333333333333;1;"Pv";"[2002,2005]";"Spring_Summer";"[2002,2005] Spring_Summer";"Spring / Summer";3;"[2002-2005]"
"2";1;0.333333333333333;0;0.666666666666667;"Pv";"[2002,2005]";"Spring_Summer";"[2002,2005] Spring_Summer";"Spring / Summer";3;"[2002-2005]"
"5";0;0;0;0;"Pv";"[2002,2005]";"Spring_Summer";"[2002,2005] Spring_Summer";"Spring / Summer";3;"[2002-2005]"
"4";0;0;0;0;"Pv";"[2002,2005]";"Spring_Summer";"[2002,2005] Spring_Summer";"Spring / Summer";3;"[2002-2005]"
"3";0;0;0;0;"Pv";"[2002,2005]";"Spring_Summer";"[2002,2005] Spring_Summer";"Spring / Summer";3;"[2002-2005]"
"6";0;0;0;0;"Pv";"[2002,2005]";"Spring_Summer";"[2002,2005] Spring_Summer";"Spring / Summer";3;"[2002-2005]"
"2";1;1;1;1;"Pv";"[2002,2005]";"Autumn_Winter";"[2002,2005] Autumn_Winter";"Autumn / Winter";1;"[2002-2005]"
"5";0;0;0;0;"Pv";"[2002,2005]";"Autumn_Winter";"[2002,2005] Autumn_Winter";"Autumn / Winter";1;"[2002-2005]"
"4";0;0;0;0;"Pv";"[2002,2005]";"Autumn_Winter";"[2002,2005] Autumn_Winter";"Autumn / Winter";1;"[2002-2005]"
"3";0;0;0;0;"Pv";"[2002,2005]";"Autumn_Winter";"[2002,2005] Autumn_Winter";"Autumn / Winter";1;"[2002-2005]"
"1";0;0;0;0;"Pv";"[2002,2005]";"Autumn_Winter";"[2002,2005] Autumn_Winter";"Autumn / Winter";1;"[2002-2005]"
"6";0;0;0;0;"Pv";"[2002,2005]";"Autumn_Winter";"[2002,2005] Autumn_Winter";"Autumn / Winter";1;"[2002-2005]"
"1";12;0.272727272727273;0.159090909090909;0.409090909090909;"Pv";"(2005,2008]";"Spring_Summer";"(2005,2008] Spring_Summer";"Spring / Summer";44;"[2006-2008]"
"2";22;0.5;0.340909090909091;0.636363636363636;"Pv";"(2005,2008]";"Spring_Summer";"(2005,2008] Spring_Summer";"Spring / Summer";44;"[2006-2008]"
"3";4;0.0909090909090909;0.0227272727272727;0.181818181818182;"Pv";"(2005,2008]";"Spring_Summer";"(2005,2008] Spring_Summer";"Spring / Summer";44;"[2006-2008]"
"6";6;0.136363636363636;0.0454545454545455;0.25;"Pv";"(2005,2008]";"Spring_Summer";"(2005,2008] Spring_Summer";"Spring / Summer";44;"[2006-2008]"
"5";0;0;0;0;"Pv";"(2005,2008]";"Spring_Summer";"(2005,2008] Spring_Summer";"Spring / Summer";44;"[2006-2008]"
"4";0;0;0;0;"Pv";"(2005,2008]";"Spring_Summer";"(2005,2008] Spring_Summer";"Spring / Summer";44;"[2006-2008]"
"1";0;0;0;0;"Pv";"(2005,2008]";"Autumn_Winter";"(2005,2008] Autumn_Winter";"Autumn / Winter";0;"[2006-2008]"
"2";0;0;0;0;"Pv";"(2005,2008]";"Autumn_Winter";"(2005,2008] Autumn_Winter";"Autumn / Winter";0;"[2006-2008]"
"3";0;0;0;0;"Pv";"(2005,2008]";"Autumn_Winter";"(2005,2008] Autumn_Winter";"Autumn / Winter";0;"[2006-2008]"
"4";0;0;0;0;"Pv";"(2005,2008]";"Autumn_Winter";"(2005,2008] Autumn_Winter";"Autumn / Winter";0;"[2006-2008]"
"5";0;0;0;0;"Pv";"(2005,2008]";"Autumn_Winter";"(2005,2008] Autumn_Winter";"Autumn / Winter";0;"[2006-2008]"
"6";0;0;0;0;"Pv";"(2005,2008]";"Autumn_Winter";"(2005,2008] Autumn_Winter";"Autumn / Winter";0;"[2006-2008]"
"1";24;0.27906976744186;0.186046511627907;0.372093023255814;"Pv";"(2008,2011]";"Spring_Summer";"(2008,2011] Spring_Summer";"Spring / Summer";86;"[2009-2011]"
"2";51;0.593023255813954;0.476744186046512;0.697674418604651;"Pv";"(2008,2011]";"Spring_Summer";"(2008,2011] Spring_Summer";"Spring / Summer";86;"[2009-2011]"
"3";4;0.0465116279069767;0.0116279069767442;0.0930232558139535;"Pv";"(2008,2011]";"Spring_Summer";"(2008,2011] Spring_Summer";"Spring / Summer";86;"[2009-2011]"
"5";2;0.0232558139534884;0;0.0581395348837209;"Pv";"(2008,2011]";"Spring_Summer";"(2008,2011] Spring_Summer";"Spring / Summer";86;"[2009-2011]"
"6";5;0.0581395348837209;0.0116279069767442;0.116279069767442;"Pv";"(2008,2011]";"Spring_Summer";"(2008,2011] Spring_Summer";"Spring / Summer";86;"[2009-2011]"
"4";0;0;0;0;"Pv";"(2008,2011]";"Spring_Summer";"(2008,2011] Spring_Summer";"Spring / Summer";86;"[2009-2011]"
"2";2;1;1;1;"Pv";"(2008,2011]";"Autumn_Winter";"(2008,2011] Autumn_Winter";"Autumn / Winter";2;"[2009-2011]"
"5";0;0;0;0;"Pv";"(2008,2011]";"Autumn_Winter";"(2008,2011] Autumn_Winter";"Autumn / Winter";2;"[2009-2011]"
"4";0;0;0;0;"Pv";"(2008,2011]";"Autumn_Winter";"(2008,2011] Autumn_Winter";"Autumn / Winter";2;"[2009-2011]"
"3";0;0;0;0;"Pv";"(2008,2011]";"Autumn_Winter";"(2008,2011] Autumn_Winter";"Autumn / Winter";2;"[2009-2011]"
"1";0;0;0;0;"Pv";"(2008,2011]";"Autumn_Winter";"(2008,2011] Autumn_Winter";"Autumn / Winter";2;"[2009-2011]"
"6";0;0;0;0;"Pv";"(2008,2011]";"Autumn_Winter";"(2008,2011] Autumn_Winter";"Autumn / Winter";2;"[2009-2011]"
"1";14;0.318181818181818;0.181818181818182;0.455113636363636;"Pv";"(2011,2014]";"Spring_Summer";"(2011,2014] Spring_Summer";"Spring / Summer";44;"[2012-2014]"
"2";25;0.568181818181818;0.409090909090909;0.704545454545455;"Pv";"(2011,2014]";"Spring_Summer";"(2011,2014] Spring_Summer";"Spring / Summer";44;"[2012-2014]"
"3";3;0.0681818181818182;0;0.136363636363636;"Pv";"(2011,2014]";"Spring_Summer";"(2011,2014] Spring_Summer";"Spring / Summer";44;"[2012-2014]"
"5";1;0.0227272727272727;0;0.0681818181818182;"Pv";"(2011,2014]";"Spring_Summer";"(2011,2014] Spring_Summer";"Spring / Summer";44;"[2012-2014]"
"6";1;0.0227272727272727;0;0.0681818181818182;"Pv";"(2011,2014]";"Spring_Summer";"(2011,2014] Spring_Summer";"Spring / Summer";44;"[2012-2014]"
"4";0;0;0;0;"Pv";"(2011,2014]";"Spring_Summer";"(2011,2014] Spring_Summer";"Spring / Summer";44;"[2012-2014]"
"1";0;0;0;0;"Pv";"(2011,2014]";"Autumn_Winter";"(2011,2014] Autumn_Winter";"Autumn / Winter";0;"[2012-2014]"
"2";0;0;0;0;"Pv";"(2011,2014]";"Autumn_Winter";"(2011,2014] Autumn_Winter";"Autumn / Winter";0;"[2012-2014]"
"3";0;0;0;0;"Pv";"(2011,2014]";"Autumn_Winter";"(2011,2014] Autumn_Winter";"Autumn / Winter";0;"[2012-2014]"
"4";0;0;0;0;"Pv";"(2011,2014]";"Autumn_Winter";"(2011,2014] Autumn_Winter";"Autumn / Winter";0;"[2012-2014]"
"5";0;0;0;0;"Pv";"(2011,2014]";"Autumn_Winter";"(2011,2014] Autumn_Winter";"Autumn / Winter";0;"[2012-2014]"
"6";0;0;0;0;"Pv";"(2011,2014]";"Autumn_Winter";"(2011,2014] Autumn_Winter";"Autumn / Winter";0;"[2012-2014]"
"1";3;0.6;0.2;1;"Pv";"(2014,2017]";"Spring_Summer";"(2014,2017] Spring_Summer";"Spring / Summer";5;"[2015-2017]"
"2";2;0.4;0;0.8;"Pv";"(2014,2017]";"Spring_Summer";"(2014,2017] Spring_Summer";"Spring / Summer";5;"[2015-2017]"
"5";0;0;0;0;"Pv";"(2014,2017]";"Spring_Summer";"(2014,2017] Spring_Summer";"Spring / Summer";5;"[2015-2017]"
"4";0;0;0;0;"Pv";"(2014,2017]";"Spring_Summer";"(2014,2017] Spring_Summer";"Spring / Summer";5;"[2015-2017]"
"3";0;0;0;0;"Pv";"(2014,2017]";"Spring_Summer";"(2014,2017] Spring_Summer";"Spring / Summer";5;"[2015-2017]"
"6";0;0;0;0;"Pv";"(2014,2017]";"Spring_Summer";"(2014,2017] Spring_Summer";"Spring / Summer";5;"[2015-2017]"
"1";0;0;0;0;"Pv";"(2014,2017]";"Autumn_Winter";"(2014,2017] Autumn_Winter";"Autumn / Winter";0;"[2015-2017]"
"2";0;0;0;0;"Pv";"(2014,2017]";"Autumn_Winter";"(2014,2017] Autumn_Winter";"Autumn / Winter";0;"[2015-2017]"
"3";0;0;0;0;"Pv";"(2014,2017]";"Autumn_Winter";"(2014,2017] Autumn_Winter";"Autumn / Winter";0;"[2015-2017]"
"4";0;0;0;0;"Pv";"(2014,2017]";"Autumn_Winter";"(2014,2017] Autumn_Winter";"Autumn / Winter";0;"[2015-2017]"
"5";0;0;0;0;"Pv";"(2014,2017]";"Autumn_Winter";"(2014,2017] Autumn_Winter";"Autumn / Winter";0;"[2015-2017]"
"6";0;0;0;0;"Pv";"(2014,2017]";"Autumn_Winter";"(2014,2017] Autumn_Winter";"Autumn / Winter";0;"[2015-2017]"
"1";0;0;0;0;"Pv";"(2017,2019]";"Spring_Summer";"(2017,2019] Spring_Summer";"Spring / Summer";0;"[2018-2019]"
"2";0;0;0;0;"Pv";"(2017,2019]";"Spring_Summer";"(2017,2019] Spring_Summer";"Spring / Summer";0;"[2018-2019]"
"3";0;0;0;0;"Pv";"(2017,2019]";"Spring_Summer";"(2017,2019] Spring_Summer";"Spring / Summer";0;"[2018-2019]"
"4";0;0;0;0;"Pv";"(2017,2019]";"Spring_Summer";"(2017,2019] Spring_Summer";"Spring / Summer";0;"[2018-2019]"
"5";0;0;0;0;"Pv";"(2017,2019]";"Spring_Summer";"(2017,2019] Spring_Summer";"Spring / Summer";0;"[2018-2019]"
"6";0;0;0;0;"Pv";"(2017,2019]";"Spring_Summer";"(2017,2019] Spring_Summer";"Spring / Summer";0;"[2018-2019]"
"1";1;0.125;0;0.375;"Pv";"(2017,2019]";"Autumn_Winter";"(2017,2019] Autumn_Winter";"Autumn / Winter";8;"[2018-2019]"
"2";5;0.625;0.25;0.875;"Pv";"(2017,2019]";"Autumn_Winter";"(2017,2019] Autumn_Winter";"Autumn / Winter";8;"[2018-2019]"
"3";1;0.125;0;0.375;"Pv";"(2017,2019]";"Autumn_Winter";"(2017,2019] Autumn_Winter";"Autumn / Winter";8;"[2018-2019]"
"5";1;0.125;0;0.375;"Pv";"(2017,2019]";"Autumn_Winter";"(2017,2019] Autumn_Winter";"Autumn / Winter";8;"[2018-2019]"
"4";0;0;0;0;"Pv";"(2017,2019]";"Autumn_Winter";"(2017,2019] Autumn_Winter";"Autumn / Winter";8;"[2018-2019]"
"6";0;0;0;0;"Pv";"(2017,2019]";"Autumn_Winter";"(2017,2019] Autumn_Winter";"Autumn / Winter";8;"[2018-2019]"
