"Clust_FFstat";"N";"Prop_N";"Prop_N_inf";"Prop_N_sup";"Species";"Year_grp";"Season";"Year_Season";"Season.labs"
"1";0;0;0;0;"Hg";"[2002,2005]";"Spring_Summer";"[2002,2005] Spring_Summer";"Spring / Summer"
"2";0;0;0;0;"Hg";"[2002,2005]";"Spring_Summer";"[2002,2005] Spring_Summer";"Spring / Summer"
"1";0;0;0;0;"Hg";"[2002,2005]";"Autumn_Winter";"[2002,2005] Autumn_Winter";"Autumn / Winter"
"2";0;0;0;0;"Hg";"[2002,2005]";"Autumn_Winter";"[2002,2005] Autumn_Winter";"Autumn / Winter"
"1";0;0;0;0;"Hg";"(2005,2008]";"Spring_Summer";"(2005,2008] Spring_Summer";"Spring / Summer"
"2";0;0;0;0;"Hg";"(2005,2008]";"Spring_Summer";"(2005,2008] Spring_Summer";"Spring / Summer"
"1";0;0;0;0;"Hg";"(2005,2008]";"Autumn_Winter";"(2005,2008] Autumn_Winter";"Autumn / Winter"
"2";0;0;0;0;"Hg";"(2005,2008]";"Autumn_Winter";"(2005,2008] Autumn_Winter";"Autumn / Winter"
"1";0;0;0;0;"Hg";"(2008,2011]";"Spring_Summer";"(2008,2011] Spring_Summer";"Spring / Summer"
"2";0;0;0;0;"Hg";"(2008,2011]";"Spring_Summer";"(2008,2011] Spring_Summer";"Spring / Summer"
"1";0;0;0;0;"Hg";"(2008,2011]";"Autumn_Winter";"(2008,2011] Autumn_Winter";"Autumn / Winter"
"2";0;0;0;0;"Hg";"(2008,2011]";"Autumn_Winter";"(2008,2011] Autumn_Winter";"Autumn / Winter"
"1";0;0;0;0;"Hg";"(2011,2014]";"Spring_Summer";"(2011,2014] Spring_Summer";"Spring / Summer"
"2";0;0;0;0;"Hg";"(2011,2014]";"Spring_Summer";"(2011,2014] Spring_Summer";"Spring / Summer"
"1";0;0;0;0;"Hg";"(2011,2014]";"Autumn_Winter";"(2011,2014] Autumn_Winter";"Autumn / Winter"
"2";0;0;0;0;"Hg";"(2011,2014]";"Autumn_Winter";"(2011,2014] Autumn_Winter";"Autumn / Winter"
"1";15;0.681818181818182;0.454545454545455;0.863636363636364;"Hg";"(2014,2017]";"Spring_Summer";"(2014,2017] Spring_Summer";"Spring / Summer"
"2";7;0.318181818181818;0.136363636363636;0.545454545454545;"Hg";"(2014,2017]";"Spring_Summer";"(2014,2017] Spring_Summer";"Spring / Summer"
"1";12;0.387096774193548;0.225806451612903;0.548387096774194;"Hg";"(2014,2017]";"Autumn_Winter";"(2014,2017] Autumn_Winter";"Autumn / Winter"
"2";19;0.612903225806452;0.451612903225806;0.774193548387097;"Hg";"(2014,2017]";"Autumn_Winter";"(2014,2017] Autumn_Winter";"Autumn / Winter"
"2";1;1;1;1;"Hg";"(2017,2019]";"Spring_Summer";"(2017,2019] Spring_Summer";"Spring / Summer"
"1";9;0.391304347826087;0.217391304347826;0.608695652173913;"Hg";"(2017,2019]";"Autumn_Winter";"(2017,2019] Autumn_Winter";"Autumn / Winter"
"2";14;0.608695652173913;0.391304347826087;0.782608695652174;"Hg";"(2017,2019]";"Autumn_Winter";"(2017,2019] Autumn_Winter";"Autumn / Winter"
"1";3;1;1;1;"Pv";"[2002,2005]";"Spring_Summer";"[2002,2005] Spring_Summer";"Spring / Summer"
"1";1;1;1;1;"Pv";"[2002,2005]";"Autumn_Winter";"[2002,2005] Autumn_Winter";"Autumn / Winter"
"1";34;0.772727272727273;0.659090909090909;0.886363636363636;"Pv";"(2005,2008]";"Spring_Summer";"(2005,2008] Spring_Summer";"Spring / Summer"
"2";10;0.227272727272727;0.113636363636364;0.340909090909091;"Pv";"(2005,2008]";"Spring_Summer";"(2005,2008] Spring_Summer";"Spring / Summer"
"1";0;0;0;0;"Pv";"(2005,2008]";"Autumn_Winter";"(2005,2008] Autumn_Winter";"Autumn / Winter"
"2";0;0;0;0;"Pv";"(2005,2008]";"Autumn_Winter";"(2005,2008] Autumn_Winter";"Autumn / Winter"
"1";75;0.872093023255814;0.790697674418605;0.941860465116279;"Pv";"(2008,2011]";"Spring_Summer";"(2008,2011] Spring_Summer";"Spring / Summer"
"2";11;0.127906976744186;0.0581395348837209;0.209302325581395;"Pv";"(2008,2011]";"Spring_Summer";"(2008,2011] Spring_Summer";"Spring / Summer"
"1";2;1;1;1;"Pv";"(2008,2011]";"Autumn_Winter";"(2008,2011] Autumn_Winter";"Autumn / Winter"
"1";39;0.886363636363636;0.772727272727273;0.977272727272727;"Pv";"(2011,2014]";"Spring_Summer";"(2011,2014] Spring_Summer";"Spring / Summer"
"2";5;0.113636363636364;0.0227272727272727;0.227272727272727;"Pv";"(2011,2014]";"Spring_Summer";"(2011,2014] Spring_Summer";"Spring / Summer"
"1";0;0;0;0;"Pv";"(2011,2014]";"Autumn_Winter";"(2011,2014] Autumn_Winter";"Autumn / Winter"
"2";0;0;0;0;"Pv";"(2011,2014]";"Autumn_Winter";"(2011,2014] Autumn_Winter";"Autumn / Winter"
"1";5;1;1;1;"Pv";"(2014,2017]";"Spring_Summer";"(2014,2017] Spring_Summer";"Spring / Summer"
"1";0;0;0;0;"Pv";"(2014,2017]";"Autumn_Winter";"(2014,2017] Autumn_Winter";"Autumn / Winter"
"2";0;0;0;0;"Pv";"(2014,2017]";"Autumn_Winter";"(2014,2017] Autumn_Winter";"Autumn / Winter"
"1";0;0;0;0;"Pv";"(2017,2019]";"Spring_Summer";"(2017,2019] Spring_Summer";"Spring / Summer"
"2";0;0;0;0;"Pv";"(2017,2019]";"Spring_Summer";"(2017,2019] Spring_Summer";"Spring / Summer"
"1";6;0.75;0.496875000000003;1;"Pv";"(2017,2019]";"Autumn_Winter";"(2017,2019] Autumn_Winter";"Autumn / Winter"
"2";2;0.25;0;0.503124999999997;"Pv";"(2017,2019]";"Autumn_Winter";"(2017,2019] Autumn_Winter";"Autumn / Winter"
