"Species";"Cluster";"Prey";"Functionnal_groups";"Num_group_functionnal";"Prop";"CI_inf";"CI_sup"
"Hg";1;"Small_benthic_flatfish";"Small benthic flatfish";1;0.083258502829412;0.0384448020245545;0.132642645373919
"Hg";1;"Large_benthic_flatfish";"Large benthic flatfish";2;0.732579414573788;0.63949789195826;0.828920074129425
"Hg";1;"Benthic_non_flatfish";"Benthic non-flatfish";3;0;0;0
"Hg";1;"Demersal_fish";"Demersal fish";4;0.180634060592125;0.0823370452140464;0.263772202491559
"Hg";1;"Pelagic_fish";"Pelagic fish";5;0.00352802200467509;0;0.00928944925879021
"Hg";1;"Pelagic_squids";"Pelagic squids";6;0;0;0
"Hg";2;"Small_benthic_flatfish";"Small benthic flatfish";1;0.534283004311285;0.336384095358147;0.720881668720861
"Hg";2;"Large_benthic_flatfish";"Large benthic flatfish";2;0.348212003187688;0.195384588497818;0.428808261098032
"Hg";2;"Benthic_non_flatfish";"Benthic non-flatfish";3;0;0;0
"Hg";2;"Demersal_fish";"Demersal fish";4;0.0208347699490867;0.00434064424023061;0.0711665716470841
"Hg";2;"Pelagic_fish";"Pelagic fish";5;0.09667022255194;0.00275327798803068;0.233757945202606
"Hg";2;"Pelagic_squids";"Pelagic squids";6;0;0;0
"Hg";3;"Small_benthic_flatfish";"Small benthic flatfish";1;0.0556274217329179;0;0.145741769709085
"Hg";3;"Large_benthic_flatfish";"Large benthic flatfish";2;0;0;0
"Hg";3;"Benthic_non_flatfish";"Benthic non-flatfish";3;0;0;0
"Hg";3;"Demersal_fish";"Demersal fish";4;0.83878404905628;0.727698477813391;1
"Hg";3;"Pelagic_fish";"Pelagic fish";5;0.105588529210802;0;0.223748202923069
"Hg";3;"Pelagic_squids";"Pelagic squids";6;0;0;0
"Hg";4;"Small_benthic_flatfish";"Small benthic flatfish";1;0.0184312181277232;0;0.074208282928981
"Hg";4;"Large_benthic_flatfish";"Large benthic flatfish";2;0.157026672568392;0.0557248784862867;0.331532636141613
"Hg";4;"Benthic_non_flatfish";"Benthic non-flatfish";3;0;0;0
"Hg";4;"Demersal_fish";"Demersal fish";4;0.205186707880811;0.0806325580773696;0.361715658235234
"Hg";4;"Pelagic_fish";"Pelagic fish";5;0.0531039111626358;0;0.21074405400023
"Hg";4;"Pelagic_squids";"Pelagic squids";6;0.566251490260438;0.337360108749229;0.738879613997501
"Hg";5;"Small_benthic_flatfish";"Small benthic flatfish";1;0.00164002245868746;0;0.00718130483399411
"Hg";5;"Large_benthic_flatfish";"Large benthic flatfish";2;0;0;0
"Hg";5;"Benthic_non_flatfish";"Benthic non-flatfish";3;7.68413379822609e-05;0;0.00045860868938217
"Hg";5;"Demersal_fish";"Demersal fish";4;0.0401378616773525;0;0.0786859549731737
"Hg";5;"Pelagic_fish";"Pelagic fish";5;0.958145274525978;0.919489144918571;0.999697748864809
"Hg";5;"Pelagic_squids";"Pelagic squids";6;0;0;0
"Hg";6;"Small_benthic_flatfish";"Small benthic flatfish";1;0;0;0
"Hg";6;"Large_benthic_flatfish";"Large benthic flatfish";2;0;0;0
"Hg";6;"Benthic_non_flatfish";"Benthic non-flatfish";3;0;0;0
"Hg";6;"Demersal_fish";"Demersal fish";4;0;0;0
"Hg";6;"Pelagic_fish";"Pelagic fish";5;0;0;0
"Hg";6;"Pelagic_squids";"Pelagic squids";6;0;0;0
"Pv";1;"Small_benthic_flatfish";"Small benthic flatfish";1;0.283091936906347;0.224510630894369;0.331458724131545
"Pv";1;"Large_benthic_flatfish";"Large benthic flatfish";2;0.679650524029606;0.624962273022118;0.747018197411495
"Pv";1;"Benthic_non_flatfish";"Benthic non-flatfish";3;0.0195468960281835;0.00272735639484065;0.0362893834979246
"Pv";1;"Demersal_fish";"Demersal fish";4;0.0125994504306506;0.000311828229690531;0.0336839428779072
"Pv";1;"Pelagic_fish";"Pelagic fish";5;0.00511119260521283;0.000887562346017298;0.00989029794723124
"Pv";1;"Pelagic_squids";"Pelagic squids";6;0;0;0
"Pv";2;"Small_benthic_flatfish";"Small benthic flatfish";1;0.675113866540458;0.621443179141928;0.729187569220032
"Pv";2;"Large_benthic_flatfish";"Large benthic flatfish";2;0.242206002207007;0.197922909698887;0.290030463569854
"Pv";2;"Benthic_non_flatfish";"Benthic non-flatfish";3;0.0502325977566428;0.0259691123149949;0.0812508514424357
"Pv";2;"Demersal_fish";"Demersal fish";4;0.000852575551306165;0.000105244300209248;0.00193861881234997
"Pv";2;"Pelagic_fish";"Pelagic fish";5;0.0315949579445855;0.0129626721213684;0.0572662522965244
"Pv";2;"Pelagic_squids";"Pelagic squids";6;0;0;0
"Pv";3;"Small_benthic_flatfish";"Small benthic flatfish";1;0.0822594921880636;0.0169710436736592;0.149423473257504
"Pv";3;"Large_benthic_flatfish";"Large benthic flatfish";2;0.104896604953987;0.0279391531370069;0.168509047813945
"Pv";3;"Benthic_non_flatfish";"Benthic non-flatfish";3;0;0;0
"Pv";3;"Demersal_fish";"Demersal fish";4;0.81284390285795;0.697468870082078;0.942119074334768
"Pv";3;"Pelagic_fish";"Pelagic fish";5;0;0;0
"Pv";3;"Pelagic_squids";"Pelagic squids";6;0;0;0
"Pv";4;"Small_benthic_flatfish";"Small benthic flatfish";1;0;0;0
"Pv";4;"Large_benthic_flatfish";"Large benthic flatfish";2;0;0;0
"Pv";4;"Benthic_non_flatfish";"Benthic non-flatfish";3;0;0;0
"Pv";4;"Demersal_fish";"Demersal fish";4;0;0;0
"Pv";4;"Pelagic_fish";"Pelagic fish";5;0;0;0
"Pv";4;"Pelagic_squids";"Pelagic squids";6;0;0;0
"Pv";5;"Small_benthic_flatfish";"Small benthic flatfish";1;0.0263486479266364;0;0.0499347904584673
"Pv";5;"Large_benthic_flatfish";"Large benthic flatfish";2;0;0;0
"Pv";5;"Benthic_non_flatfish";"Benthic non-flatfish";3;0;0;0
"Pv";5;"Demersal_fish";"Demersal fish";4;0;0;0
"Pv";5;"Pelagic_fish";"Pelagic fish";5;0.973651352073364;0.950065209541533;1
"Pv";5;"Pelagic_squids";"Pelagic squids";6;0;0;0
"Pv";6;"Small_benthic_flatfish";"Small benthic flatfish";1;0.0491239104906855;0.00931135133955974;0.0889260924639855
"Pv";6;"Large_benthic_flatfish";"Large benthic flatfish";2;0.108205586076771;0.0396604214750322;0.159047849178404
"Pv";6;"Benthic_non_flatfish";"Benthic non-flatfish";3;0.813401727930831;0.76401830173882;0.894533601392123
"Pv";6;"Demersal_fish";"Demersal fish";4;0.0247236118136553;0;0.0688843827749108
"Pv";6;"Pelagic_fish";"Pelagic fish";5;0.00454516368805816;0;0.0100539177908488
"Pv";6;"Pelagic_squids";"Pelagic squids";6;0;0;0
