"Species";"Cluster";"Season";"Season.labs";"N";"Prop_N";"Prop_N_inf";"Prop_N_sup"
"Hg";"1";"Autumn_Winter";"Autumn / Winter";14;0.259259259259259;0.148148148148148;0.37037037037037
"Hg";"2";"Autumn_Winter";"Autumn / Winter";7;0.12962962962963;0.0555555555555556;0.222222222222222
"Hg";"3";"Autumn_Winter";"Autumn / Winter";7;0.12962962962963;0.0555555555555556;0.222222222222222
"Hg";"4";"Autumn_Winter";"Autumn / Winter";8;0.148148148148148;0.0555555555555556;0.240740740740741
"Hg";"5";"Autumn_Winter";"Autumn / Winter";18;0.333333333333333;0.203703703703704;0.444444444444444
"Hg";"6";"Autumn_Winter";"Autumn / Winter";0;0;0;0
"Hg";"1";"Spring_Summer";"Spring / Summer";5;0.217391304347826;0.0869565217391304;0.391304347826087
"Hg";"2";"Spring_Summer";"Spring / Summer";10;0.434782608695652;0.259782608695653;0.608695652173913
"Hg";"3";"Spring_Summer";"Spring / Summer";4;0.173913043478261;0.0434782608695652;0.347826086956522
"Hg";"4";"Spring_Summer";"Spring / Summer";1;0.0434782608695652;0;0.130434782608696
"Hg";"5";"Spring_Summer";"Spring / Summer";3;0.130434782608696;0;0.260869565217391
"Hg";"6";"Spring_Summer";"Spring / Summer";0;0;0;0
"Pv";"1";"Autumn_Winter";"Autumn / Winter";1;0.0909090909090909;0;0.272727272727273
"Pv";"2";"Autumn_Winter";"Autumn / Winter";8;0.727272727272727;0.454545454545455;1
"Pv";"3";"Autumn_Winter";"Autumn / Winter";1;0.0909090909090909;0;0.272727272727273
"Pv";"5";"Autumn_Winter";"Autumn / Winter";1;0.0909090909090909;0;0.272727272727273
"Pv";"4";"Autumn_Winter";"Autumn / Winter";0;0;0;0
"Pv";"6";"Autumn_Winter";"Autumn / Winter";0;0;0;0
"Pv";"1";"Spring_Summer";"Spring / Summer";55;0.302197802197802;0.236263736263736;0.373626373626374
"Pv";"2";"Spring_Summer";"Spring / Summer";101;0.554945054945055;0.483516483516484;0.626373626373626
"Pv";"3";"Spring_Summer";"Spring / Summer";11;0.0604395604395604;0.0274725274725275;0.0989010989010989
"Pv";"5";"Spring_Summer";"Spring / Summer";3;0.0164835164835165;0;0.032967032967033
"Pv";"6";"Spring_Summer";"Spring / Summer";12;0.0659340659340659;0.032967032967033;0.104395604395604
"Pv";"4";"Spring_Summer";"Spring / Summer";0;0;0;0
